series_name,period,value,mean,stddev,z_score,anomaly_type
ABBV_return_pct,2024-04-04,-5.317791,0.067916,1.487563,-3.620491,low_value
ABBV_return_pct,2024-04-26,-4.584856,0.067916,1.487563,-3.127782,low_value
ABBV_return_pct,2024-05-31,3.153973,0.067916,1.487563,2.074573,high_value
ABBV_return_pct,2024-07-17,3.587461,0.067916,1.487563,2.365981,high_value
ABBV_return_pct,2024-07-25,3.382334,0.067916,1.487563,2.228087,high_value
ABBV_return_pct,2024-10-30,6.360536,0.067916,1.487563,4.230155,high_value
ABBV_return_pct,2024-11-11,-12.566429,0.067916,1.487563,-8.493320,low_value
ABBV_volume,2024-03-15,20957800.000000,5561563.888889,2754609.635555,5.589262,high_value
ABBV_volume,2024-05-31,15664400.000000,5561563.888889,2754609.635555,3.667611,high_value
ABBV_volume,2024-06-21,12228100.000000,5561563.888889,2754609.635555,2.420138,high_value
ABBV_volume,2024-06-28,24463400.000000,5561563.888889,2754609.635555,6.861893,high_value
ABBV_volume,2024-09-20,11661200.000000,5561563.888889,2754609.635555,2.214338,high_value
ABBV_volume,2024-11-11,20760300.000000,5561563.888889,2754609.635555,5.517564,high_value
ABBV_volume,2024-11-15,11265400.000000,5561563.888889,2754609.635555,2.070651,high_value
ABBV_volume,2024-11-22,11328600.000000,5561563.888889,2754609.635555,2.093595,high_value
ABBV_volume,2024-11-25,12465000.000000,5561563.888889,2754609.635555,2.506140,high_value
ABBV_volume,2024-12-20,18950900.000000,5561563.888889,2754609.635555,4.860702,high_value
ABT_return_pct,2024-01-24,-2.833339,0.025893,1.129042,-2.532441,low_value
ABT_return_pct,2024-02-20,2.306809,0.025893,1.129042,2.020223,high_value
ABT_return_pct,2024-03-15,-2.827103,0.025893,1.129042,-2.526918,low_value
ABT_return_pct,2024-03-18,-2.640909,0.025893,1.129042,-2.362005,low_value
ABT_return_pct,2024-04-17,-3.030841,0.025893,1.129042,-2.707370,low_value
ABT_return_pct,2024-06-07,3.174441,0.025893,1.129042,2.788690,high_value
ABT_return_pct,2024-06-20,2.481008,0.025893,1.129042,2.174512,high_value
ABT_return_pct,2024-07-18,-4.403891,0.025893,1.129042,-3.923490,low_value
ABT_return_pct,2024-07-24,3.214016,0.025893,1.129042,2.823742,high_value
ABT_return_pct,2024-08-01,3.973954,0.025893,1.129042,3.496825,high_value
ABT_return_pct,2024-08-05,-2.407699,0.025893,1.129042,-2.155449,low_value
ABT_return_pct,2024-09-18,-2.751213,0.025893,1.129042,-2.459701,low_value
ABT_return_pct,2024-11-01,4.613227,0.025893,1.129042,4.063034,high_value
ABT_volume,2024-03-15,22415700.000000,5594113.492063,2453993.199378,6.854781,high_value
ABT_volume,2024-03-18,12991000.000000,5594113.492063,2453993.199378,3.014225,high_value
ABT_volume,2024-04-17,12002900.000000,5594113.492063,2453993.199378,2.611575,high_value
ABT_volume,2024-04-19,10533600.000000,5594113.492063,2453993.199378,2.012836,high_value
ABT_volume,2024-07-17,13438300.000000,5594113.492063,2453993.199378,3.196499,high_value
ABT_volume,2024-07-18,13078800.000000,5594113.492063,2453993.199378,3.050003,high_value
ABT_volume,2024-07-19,11963600.000000,5594113.492063,2453993.199378,2.595560,high_value
ABT_volume,2024-07-29,19452700.000000,5594113.492063,2453993.199378,5.647361,high_value
ABT_volume,2024-12-20,12311900.000000,5594113.492063,2453993.199378,2.737492,high_value
ALNY_return_pct,2024-02-15,-10.185807,0.119223,3.116102,-3.307025,low_value
ALNY_return_pct,2024-06-24,34.520216,0.119223,3.116102,11.039750,high_value
ALNY_return_pct,2024-06-25,7.738897,0.119223,3.116102,2.445258,high_value
ALNY_return_pct,2024-08-01,13.117989,0.119223,3.116102,4.171482,high_value
ALNY_return_pct,2024-08-30,-8.473575,0.119223,3.116102,-2.757547,low_value
ALNY_return_pct,2024-11-15,-8.665816,0.119223,3.116102,-2.819239,low_value
ALNY_volume,2024-02-15,5429600.000000,850550.396825,813551.482186,5.628469,high_value
ALNY_volume,2024-02-21,3657500.000000,850550.396825,813551.482186,3.450242,high_value
ALNY_volume,2024-06-24,9193800.000000,850550.396825,813551.482186,10.255343,high_value
ALNY_volume,2024-06-25,4500700.000000,850550.396825,813551.482186,4.486685,high_value
ALNY_volume,2024-06-26,2854400.000000,850550.396825,813551.482186,2.463089,high_value
ALNY_volume,2024-06-27,2617300.000000,850550.396825,813551.482186,2.171651,high_value
ALNY_volume,2024-06-28,3246500.000000,850550.396825,813551.482186,2.945050,high_value
ALNY_volume,2024-08-30,3762500.000000,850550.396825,813551.482186,3.579306,high_value
AMGN_return_pct,2024-02-01,3.277534,-0.027798,1.609538,2.053591,high_value
AMGN_return_pct,2024-02-07,-6.390988,-0.027798,1.609538,-3.953427,low_value
AMGN_return_pct,2024-05-03,11.817952,-0.027798,1.609538,7.359721,high_value
AMGN_return_pct,2024-05-06,-3.793880,-0.027798,1.609538,-2.339853,low_value
AMGN_return_pct,2024-06-24,3.241827,-0.027798,1.609538,2.031406,high_value
AMGN_return_pct,2024-08-07,-5.000772,-0.027798,1.609538,-3.089691,low_value
AMGN_return_pct,2024-08-08,3.900806,-0.027798,1.609538,2.440827,high_value
AMGN_return_pct,2024-09-25,-5.457516,-0.027798,1.609538,-3.373465,low_value
AMGN_return_pct,2024-11-12,-7.137743,-0.027798,1.609538,-4.417384,low_value
AMGN_return_pct,2024-11-15,-4.163154,-0.027798,1.609538,-2.569282,low_value
AMGN_return_pct,2024-11-26,-4.758482,-0.027798,1.609538,-2.939157,low_value
AMGN_volume,2024-02-07,8411300.000000,2680219.444444,1693222.159777,3.384719,high_value
AMGN_volume,2024-03-15,8795800.000000,2680219.444444,1693222.159777,3.611800,high_value
AMGN_volume,2024-05-03,9644700.000000,2680219.444444,1693222.159777,4.113152,high_value
AMGN_volume,2024-06-21,6596800.000000,2680219.444444,1693222.159777,2.313093,high_value
AMGN_volume,2024-11-12,6680300.000000,2680219.444444,1693222.159777,2.362407,high_value
AMGN_volume,2024-11-26,17010300.000000,2680219.444444,1693222.159777,8.463202,high_value
AMGN_volume,2024-11-27,6622800.000000,2680219.444444,1693222.159777,2.328448,high_value
AMGN_volume,2024-12-20,13687600.000000,2680219.444444,1693222.159777,6.500848,high_value
ARWR_return_pct,2024-01-04,8.007506,-0.121422,3.978501,2.043213,high_value
ARWR_return_pct,2024-01-08,10.898880,-0.121422,3.978501,2.769963,high_value
ARWR_return_pct,2024-02-28,9.096740,-0.121422,3.978501,2.316993,high_value
ARWR_return_pct,2024-03-01,12.398765,-0.121422,3.978501,3.146960,high_value
ARWR_return_pct,2024-03-11,-12.107626,-0.121422,3.978501,-3.012744,low_value
ARWR_return_pct,2024-05-10,-10.679609,-0.121422,3.978501,-2.653810,low_value
ARWR_return_pct,2024-05-15,9.297255,-0.121422,3.978501,2.367393,high_value
ARWR_return_pct,2024-08-09,-9.439073,-0.121422,3.978501,-2.342000,low_value
ARWR_return_pct,2024-11-15,-13.264830,-0.121422,3.978501,-3.303608,low_value
ARWR_return_pct,2024-11-26,12.027665,-0.121422,3.978501,3.053684,high_value
ARWR_return_pct,2024-11-27,24.228031,-0.121422,3.978501,6.120257,high_value
ARWR_return_pct,2024-12-04,-11.354043,-0.121422,3.978501,-2.823330,low_value
ARWR_return_pct,2024-12-18,-8.576560,-0.121422,3.978501,-2.125207,low_value
ARWR_volume,2024-01-03,6019500.000000,1278337.301587,955424.314299,4.962363,high_value
ARWR_volume,2024-01-04,5694000.000000,1278337.301587,955424.314299,4.621677,high_value
ARWR_volume,2024-01-08,5170100.000000,1278337.301587,955424.314299,4.073334,high_value
ARWR_volume,2024-02-07,3220100.000000,1278337.301587,955424.314299,2.032356,high_value
ARWR_volume,2024-02-28,5053500.000000,1278337.301587,955424.314299,3.951294,high_value
ARWR_volume,2024-03-15,3735900.000000,1278337.301587,955424.314299,2.572221,high_value
ARWR_volume,2024-06-21,3419200.000000,1278337.301587,955424.314299,2.240745,high_value
ARWR_volume,2024-11-26,8052200.000000,1278337.301587,955424.314299,7.089900,high_value
ARWR_volume,2024-11-27,6692900.000000,1278337.301587,955424.314299,5.667181,high_value
ARWR_volume,2024-12-20,4011000.000000,1278337.301587,955424.314299,2.860156,high_value
BDX_return_pct,2024-01-08,2.329703,-0.017870,1.158784,2.025893,high_value
BDX_return_pct,2024-01-09,-3.992240,-0.017870,1.158784,-3.429776,low_value
BDX_return_pct,2024-05-02,2.836711,-0.017870,1.158784,2.463428,high_value
BDX_return_pct,2024-05-03,-2.359056,-0.017870,1.158784,-2.020381,low_value
BDX_return_pct,2024-06-03,2.961593,-0.017870,1.158784,2.571197,high_value
BDX_return_pct,2024-08-02,2.482930,-0.017870,1.158784,2.158125,high_value
BDX_return_pct,2024-08-05,-2.517874,-0.017870,1.158784,-2.157437,low_value
BDX_return_pct,2024-09-04,-2.411426,-0.017870,1.158784,-2.065576,low_value
BDX_return_pct,2024-09-09,2.373568,-0.017870,1.158784,2.063748,high_value
BDX_return_pct,2024-11-07,-5.394483,-0.017870,1.158784,-4.639874,low_value
BDX_return_pct,2024-12-12,2.773262,-0.017870,1.158784,2.408673,high_value
BDX_volume,2024-02-01,4002094.000000,1889288.472222,877428.411990,2.407952,high_value
BDX_volume,2024-05-02,4820244.000000,1889288.472222,877428.411990,3.340393,high_value
BDX_volume,2024-05-31,6021521.000000,1889288.472222,877428.411990,4.709481,high_value
BDX_volume,2024-07-31,4471334.000000,1889288.472222,877428.411990,2.942742,high_value
BDX_volume,2024-08-01,4795313.000000,1889288.472222,877428.411990,3.311979,high_value
BDX_volume,2024-11-07,5141297.000000,1889288.472222,877428.411990,3.706295,high_value
BDX_volume,2024-11-08,4949734.000000,1889288.472222,877428.411990,3.487972,high_value
BDX_volume,2024-12-12,4438771.000000,1889288.472222,877428.411990,2.905630,high_value
BDX_volume,2024-12-16,3883925.000000,1889288.472222,877428.411990,2.273276,high_value
BDX_volume,2024-12-18,4308773.000000,1889288.472222,877428.411990,2.757472,high_value
BDX_volume,2024-12-20,3949051.000000,1889288.472222,877428.411990,2.347499,high_value
BEAM_return_pct,2024-01-29,16.467682,0.062519,4.597798,3.568047,high_value
BEAM_return_pct,2024-02-12,14.974191,0.062519,4.597798,3.243220,high_value
BEAM_return_pct,2024-02-13,-10.239526,0.062519,4.597798,-2.240648,low_value
BEAM_return_pct,2024-02-27,25.893857,0.062519,4.597798,5.618197,high_value
BEAM_return_pct,2024-02-29,-9.447372,0.062519,4.597798,-2.068358,low_value
BEAM_return_pct,2024-05-13,12.982127,0.062519,4.597798,2.809955,high_value
BEAM_return_pct,2024-07-23,12.088727,0.062519,4.597798,2.615645,high_value
BEAM_return_pct,2024-08-02,-9.501812,0.062519,4.597798,-2.080198,low_value
BEAM_return_pct,2024-08-23,9.339311,0.062519,4.597798,2.017659,high_value
BEAM_return_pct,2024-11-06,11.241122,0.062519,4.597798,2.431295,high_value
BEAM_return_pct,2024-11-11,12.158171,0.062519,4.597798,2.630749,high_value
BEAM_return_pct,2024-12-10,9.758319,0.062519,4.597798,2.108792,high_value
BEAM_volume,2024-01-23,4643300.000000,1219481.746032,773042.646660,4.429016,high_value
BEAM_volume,2024-02-27,7426800.000000,1219481.746032,773042.646660,8.029723,high_value
BEAM_volume,2024-03-15,3022600.000000,1219481.746032,773042.646660,2.332495,high_value
BEAM_volume,2024-04-10,3284000.000000,1219481.746032,773042.646660,2.670640,high_value
BEAM_volume,2024-04-19,4537000.000000,1219481.746032,773042.646660,4.291507,high_value
BEAM_volume,2024-06-12,3693400.000000,1219481.746032,773042.646660,3.200235,high_value
BEAM_volume,2024-06-28,4059800.000000,1219481.746032,773042.646660,3.674206,high_value
BEAM_volume,2024-07-19,2870500.000000,1219481.746032,773042.646660,2.135740,high_value
BEAM_volume,2024-07-25,3024900.000000,1219481.746032,773042.646660,2.335470,high_value
BIIB_return_pct,2024-02-13,-7.391522,-0.210229,1.581933,-4.539568,low_value
BIIB_return_pct,2024-03-11,3.059488,-0.210229,1.581933,2.066912,high_value
BIIB_return_pct,2024-04-24,4.560520,-0.210229,1.581933,3.015771,high_value
BIIB_return_pct,2024-04-26,3.180869,-0.210229,1.581933,2.143641,high_value
BIIB_return_pct,2024-04-29,3.159409,-0.210229,1.581933,2.130076,high_value
BIIB_return_pct,2024-05-15,3.720029,-0.210229,1.581933,2.484465,high_value
BIIB_return_pct,2024-07-15,-3.685993,-0.210229,1.581933,-2.197163,low_value
BIIB_return_pct,2024-07-26,-7.153537,-0.210229,1.581933,-4.389128,low_value
BIIB_return_pct,2024-08-05,-3.534963,-0.210229,1.581933,-2.101690,low_value
BIIB_return_pct,2024-10-31,-3.962906,-0.210229,1.581933,-2.372210,low_value
BIIB_return_pct,2024-12-13,-3.412092,-0.210229,1.581933,-2.024019,low_value
BIIB_volume,2024-02-13,3403600.000000,1213025.000000,596050.131829,3.675152,high_value
BIIB_volume,2024-03-15,2407100.000000,1213025.000000,596050.131829,2.003313,high_value
BIIB_volume,2024-04-24,3265700.000000,1213025.000000,596050.131829,3.443796,high_value
BIIB_volume,2024-06-21,3012500.000000,1213025.000000,596050.131829,3.018999,high_value
BIIB_volume,2024-09-20,3833500.000000,1213025.000000,596050.131829,4.396400,high_value
BIIB_volume,2024-11-04,2494800.000000,1213025.000000,596050.131829,2.150448,high_value
BIIB_volume,2024-11-05,2472200.000000,1213025.000000,596050.131829,2.112532,high_value
BIIB_volume,2024-11-14,3210600.000000,1213025.000000,596050.131829,3.351354,high_value
BIIB_volume,2024-12-20,5776200.000000,1213025.000000,596050.131829,7.655690,high_value
BMY_return_pct,2024-04-25,-8.514131,0.063122,1.789746,-4.792442,low_value
BMY_return_pct,2024-07-17,4.733015,0.063122,1.789746,2.609250,high_value
BMY_return_pct,2024-07-24,3.908794,0.063122,1.789746,2.148726,high_value
BMY_return_pct,2024-07-26,11.442439,0.063122,1.789746,6.358064,high_value
BMY_return_pct,2024-08-13,4.249893,0.063122,1.789746,2.339311,high_value
BMY_return_pct,2024-10-31,5.905810,0.063122,1.789746,3.264536,high_value
BMY_return_pct,2024-11-11,10.491312,0.063122,1.789746,5.826633,high_value
BMY_return_pct,2024-11-15,-3.897440,0.063122,1.789746,-2.212919,low_value
BMY_volume,2024-03-15,123585300.000000,13999317.063492,9061456.456187,12.093639,high_value
BMY_volume,2024-04-25,45069000.000000,13999317.063492,9061456.456187,3.428774,high_value
BMY_volume,2024-06-21,35828400.000000,13999317.063492,9061456.456187,2.409004,high_value
BMY_volume,2024-07-26,36636400.000000,13999317.063492,9061456.456187,2.498173,high_value
BMY_volume,2024-12-20,48212100.000000,13999317.063492,9061456.456187,3.775638,high_value
BSX_return_pct,2024-01-31,2.995767,0.178789,1.051880,2.678043,high_value
BSX_return_pct,2024-02-01,2.466016,0.178789,1.051880,2.174419,high_value
BSX_return_pct,2024-03-11,-2.276088,0.178789,1.051880,-2.333800,low_value
BSX_return_pct,2024-03-13,-2.148462,0.178789,1.051880,-2.212469,low_value
BSX_return_pct,2024-04-24,5.681991,0.178789,1.051880,5.231780,high_value
BSX_return_pct,2024-07-18,-2.402791,0.178789,1.051880,-2.454254,low_value
BSX_return_pct,2024-07-19,2.660482,0.178789,1.051880,2.359294,high_value
BSX_return_pct,2024-07-25,-4.501029,0.178789,1.051880,-4.449005,low_value
BSX_return_pct,2024-07-30,-2.063762,0.178789,1.051880,-2.131946,low_value
BSX_return_pct,2024-08-05,-2.067115,0.178789,1.051880,-2.135134,low_value
BSX_return_pct,2024-08-08,2.399030,0.178789,1.051880,2.110737,high_value
BSX_return_pct,2024-10-24,-2.687248,0.178789,1.051880,-2.724682,low_value
BSX_return_pct,2024-11-18,3.977468,0.178789,1.051880,3.611325,high_value
BSX_return_pct,2024-12-18,-2.653988,0.178789,1.051880,-2.693062,low_value
BSX_volume,2024-01-24,11290500.000000,5932699.206349,2360332.129054,2.269935,high_value
BSX_volume,2024-01-31,13910800.000000,5932699.206349,2360332.129054,3.380075,high_value
BSX_volume,2024-02-02,10866000.000000,5932699.206349,2360332.129054,2.090088,high_value
BSX_volume,2024-04-24,15276500.000000,5932699.206349,2360332.129054,3.958681,high_value
BSX_volume,2024-07-24,15546900.000000,5932699.206349,2360332.129054,4.073241,high_value
BSX_volume,2024-07-25,10960800.000000,5932699.206349,2360332.129054,2.130251,high_value
BSX_volume,2024-10-23,19619300.000000,5932699.206349,2360332.129054,5.798591,high_value
BSX_volume,2024-10-24,10848600.000000,5932699.206349,2360332.129054,2.082716,high_value
BSX_volume,2024-10-30,12004200.000000,5932699.206349,2360332.129054,2.572308,high_value
BSX_volume,2024-12-20,15909900.000000,5932699.206349,2360332.129054,4.227033,high_value
CRSP_return_pct,2024-01-29,7.818391,-0.157194,3.138251,2.541411,high_value
CRSP_return_pct,2024-02-12,9.184402,-0.157194,3.138251,2.976689,high_value
CRSP_return_pct,2024-02-14,8.601267,-0.157194,3.138251,2.790874,high_value
CRSP_return_pct,2024-02-15,6.882594,-0.157194,3.138251,2.243220,high_value
CRSP_return_pct,2024-05-13,8.755137,-0.157194,3.138251,2.839904,high_value
CRSP_return_pct,2024-06-03,6.345366,-0.157194,3.138251,2.072033,high_value
CRSP_return_pct,2024-07-16,9.206406,-0.157194,3.138251,2.983700,high_value
CRSP_return_pct,2024-07-18,-7.060186,-0.157194,3.138251,-2.199630,low_value
CRSP_return_pct,2024-08-02,-6.818592,-0.157194,3.138251,-2.122647,low_value
CRSP_return_pct,2024-09-13,6.646327,-0.157194,3.138251,2.167934,high_value
CRSP_return_pct,2024-11-01,9.420131,-0.157194,3.138251,3.051804,high_value
CRSP_return_pct,2024-11-11,6.276640,-0.157194,3.138251,2.050134,high_value
CRSP_return_pct,2024-11-12,-7.528256,-0.157194,3.138251,-2.348780,low_value
CRSP_return_pct,2024-12-02,7.778002,-0.157194,3.138251,2.528541,high_value
CRSP_return_pct,2024-12-03,-7.089755,-0.157194,3.138251,-2.209052,low_value
CRSP_return_pct,2024-12-18,-7.999103,-0.157194,3.138251,-2.498815,low_value
CRSP_volume,2024-01-02,3632700.000000,1521975.396825,732245.830185,2.882536,high_value
CRSP_volume,2024-01-11,3638600.000000,1521975.396825,732245.830185,2.890593,high_value
CRSP_volume,2024-02-13,3198500.000000,1521975.396825,732245.830185,2.289565,high_value
CRSP_volume,2024-02-14,4136000.000000,1521975.396825,732245.830185,3.569873,high_value
CRSP_volume,2024-02-15,6010000.000000,1521975.396825,732245.830185,6.129123,high_value
CRSP_volume,2024-02-21,3124200.000000,1521975.396825,732245.830185,2.188097,high_value
CRSP_volume,2024-02-22,4286700.000000,1521975.396825,732245.830185,3.775678,high_value
CRSP_volume,2024-06-21,4015700.000000,1521975.396825,732245.830185,3.405584,high_value
CRSP_volume,2024-07-16,3079400.000000,1521975.396825,732245.830185,2.126915,high_value
CRSP_volume,2024-11-11,3659200.000000,1521975.396825,732245.830185,2.918726,high_value
CRSP_volume,2024-11-15,3133100.000000,1521975.396825,732245.830185,2.200251,high_value
CRSP_volume,2024-12-02,3655300.000000,1521975.396825,732245.830185,2.913399,high_value
CRSP_volume,2024-12-13,3191500.000000,1521975.396825,732245.830185,2.280006,high_value
CRSP_volume,2024-12-20,3348400.000000,1521975.396825,732245.830185,2.494278,high_value
DHR_return_pct,2024-01-30,4.710791,0.002429,1.396917,3.370538,high_value
DHR_return_pct,2024-04-23,7.213654,0.002429,1.396917,5.162243,high_value
DHR_return_pct,2024-05-14,3.040412,0.002429,1.396917,2.174777,high_value
DHR_return_pct,2024-06-13,-3.627978,0.002429,1.396917,-2.598871,low_value
DHR_return_pct,2024-06-20,-3.475600,0.002429,1.396917,-2.489789,low_value
DHR_return_pct,2024-07-22,3.017988,0.002429,1.396917,2.158724,high_value
DHR_return_pct,2024-07-23,5.297131,0.002429,1.396917,3.790277,high_value
DHR_return_pct,2024-09-26,3.378371,0.002429,1.396917,2.416709,high_value
DHR_return_pct,2024-10-22,-3.972951,0.002429,1.396917,-2.845824,low_value
DHR_return_pct,2024-10-24,-3.125001,0.002429,1.396917,-2.238809,low_value
DHR_return_pct,2024-11-15,-3.709584,0.002429,1.396917,-2.657290,low_value
DHR_return_pct,2024-12-05,-3.551168,0.002429,1.396917,-2.543885,low_value
DHR_volume,2024-01-09,5255800.000000,2805998.809524,1199687.912476,2.042032,high_value
DHR_volume,2024-01-26,6343900.000000,2805998.809524,1199687.912476,2.949018,high_value
DHR_volume,2024-01-30,6158400.000000,2805998.809524,1199687.912476,2.794394,high_value
DHR_volume,2024-03-15,5793300.000000,2805998.809524,1199687.912476,2.490065,high_value
DHR_volume,2024-04-23,6876700.000000,2805998.809524,1199687.912476,3.393133,high_value
DHR_volume,2024-06-20,6112100.000000,2805998.809524,1199687.912476,2.755801,high_value
DHR_volume,2024-06-21,6729000.000000,2805998.809524,1199687.912476,3.270018,high_value
DHR_volume,2024-07-23,7523300.000000,2805998.809524,1199687.912476,3.932107,high_value
DHR_volume,2024-09-20,9267300.000000,2805998.809524,1199687.912476,5.385818,high_value
DHR_volume,2024-11-15,5435800.000000,2805998.809524,1199687.912476,2.192071,high_value
DHR_volume,2024-12-05,5335700.000000,2805998.809524,1199687.912476,2.108633,high_value
DHR_volume,2024-12-18,5221600.000000,2805998.809524,1199687.912476,2.013525,high_value
DHR_volume,2024-12-20,7073600.000000,2805998.809524,1199687.912476,3.557259,high_value
DXCM_return_pct,2024-03-06,9.804568,-0.110464,3.446356,2.876960,high_value
DXCM_return_pct,2024-04-26,-9.905078,-0.110464,3.446356,-2.842020,low_value
DXCM_return_pct,2024-05-30,-7.239108,-0.110464,3.446356,-2.068458,low_value
DXCM_return_pct,2024-07-26,-40.658321,-0.110464,3.446356,-11.765428,low_value
DXCM_return_pct,2024-08-07,-7.880399,-0.110464,3.446356,-2.254536,low_value
DXCM_return_pct,2024-11-25,6.865303,-0.110464,3.446356,2.024099,high_value
DXCM_volume,2024-07-26,53914100.000000,3862358.333333,3916891.253699,12.778435,high_value
DXCM_volume,2024-07-29,18397300.000000,3862358.333333,3916891.253699,3.710836,high_value
DXCM_volume,2024-07-30,15509800.000000,3862358.333333,3916891.253699,2.973644,high_value
DXCM_volume,2024-10-25,14562600.000000,3862358.333333,3916891.253699,2.731820,high_value
EDIT_return_pct,2024-02-12,9.127521,-0.703071,4.786230,2.053932,high_value
EDIT_return_pct,2024-02-27,9.925548,-0.703071,4.786230,2.220666,high_value
EDIT_return_pct,2024-02-28,24.943568,-0.703071,4.786230,5.358421,high_value
EDIT_return_pct,2024-05-08,-11.355634,-0.703071,4.786230,-2.225669,low_value
EDIT_return_pct,2024-05-09,10.427013,-0.703071,4.786230,2.325439,high_value
EDIT_return_pct,2024-05-22,9.255893,-0.703071,4.786230,2.080753,high_value
EDIT_return_pct,2024-06-12,11.233889,-0.703071,4.786230,2.494021,high_value
EDIT_return_pct,2024-08-07,-12.179481,-0.703071,4.786230,-2.397797,low_value
EDIT_return_pct,2024-10-21,11.904765,-0.703071,4.786230,2.634189,high_value
EDIT_return_pct,2024-10-22,-12.500001,-0.703071,4.786230,-2.464764,low_value
EDIT_return_pct,2024-12-06,12.041892,-0.703071,4.786230,2.662840,high_value
EDIT_return_pct,2024-12-13,-23.809520,-0.703071,4.786230,-4.827693,low_value
EDIT_return_pct,2024-12-18,-11.513155,-0.703071,4.786230,-2.258580,low_value
EDIT_volume,2024-02-28,7179800.000000,2064594.841270,1135627.710213,4.504298,high_value
EDIT_volume,2024-03-15,6638500.000000,2064594.841270,1135627.710213,4.027645,high_value
EDIT_volume,2024-05-08,4346900.000000,2064594.841270,1135627.710213,2.009730,high_value
EDIT_volume,2024-06-21,9039400.000000,2064594.841270,1135627.710213,6.141806,high_value
EDIT_volume,2024-09-20,5770100.000000,2064594.841270,1135627.710213,3.262958,high_value
EDIT_volume,2024-10-21,4587400.000000,2064594.841270,1135627.710213,2.221507,high_value
EDIT_volume,2024-11-25,5651400.000000,2064594.841270,1135627.710213,3.158434,high_value
EDIT_volume,2024-12-13,10559600.000000,2064594.841270,1135627.710213,7.480449,high_value
EDIT_volume,2024-12-16,4993000.000000,2064594.841270,1135627.710213,2.578667,high_value
EW_return_pct,2024-01-31,6.184032,0.031310,2.621875,2.346688,high_value
EW_return_pct,2024-02-02,9.376188,0.031310,2.621875,3.564197,high_value
EW_return_pct,2024-03-07,6.204003,0.031310,2.621875,2.354305,high_value
EW_return_pct,2024-07-25,-31.339847,0.031310,2.621875,-11.965164,low_value
EW_return_pct,2024-10-08,6.197707,0.031310,2.621875,2.351904,high_value
EW_return_pct,2024-12-04,5.698006,0.031310,2.621875,2.161315,high_value
EW_volume,2024-07-25,45982100.000000,4692120.238095,3594763.774734,11.486146,high_value
EW_volume,2024-07-26,14111400.000000,4692120.238095,3594763.774734,2.620278,high_value
EW_volume,2024-12-20,14210500.000000,4692120.238095,3594763.774734,2.647846,high_value
EXEL_return_pct,2024-02-07,-7.558404,0.150447,1.960530,-3.932024,low_value
EXEL_return_pct,2024-04-11,-4.349665,0.150447,1.960530,-2.295355,low_value
EXEL_return_pct,2024-05-01,-6.521734,0.150447,1.960530,-3.403254,low_value
EXEL_return_pct,2024-05-31,4.379210,0.150447,1.960530,2.156949,high_value
EXEL_return_pct,2024-08-07,13.091683,0.150447,1.960530,6.600886,high_value
EXEL_return_pct,2024-10-15,8.612806,0.150447,1.960530,4.316363,high_value
EXEL_return_pct,2024-10-30,12.913328,0.150447,1.960530,6.509914,high_value
EXEL_return_pct,2024-12-17,-3.825897,0.150447,1.960530,-2.028198,low_value
EXEL_volume,2024-01-08,5822000.000000,2063882.142857,1113985.204530,3.373580,high_value
EXEL_volume,2024-03-15,4872400.000000,2063882.142857,1113985.204530,2.521145,high_value
EXEL_volume,2024-05-01,7471900.000000,2063882.142857,1113985.204530,4.854659,high_value
EXEL_volume,2024-06-21,5747500.000000,2063882.142857,1113985.204530,3.306703,high_value
EXEL_volume,2024-08-07,7280100.000000,2063882.142857,1113985.204530,4.682484,high_value
EXEL_volume,2024-09-20,5849500.000000,2063882.142857,1113985.204530,3.398266,high_value
EXEL_volume,2024-10-15,8475500.000000,2063882.142857,1113985.204530,5.755568,high_value
EXEL_volume,2024-10-30,6738000.000000,2063882.142857,1113985.204530,4.195853,high_value
EXEL_volume,2024-10-31,4421900.000000,2063882.142857,1113985.204530,2.116741,high_value
EXEL_volume,2024-11-01,4537100.000000,2063882.142857,1113985.204530,2.220153,high_value
EXEL_volume,2024-12-20,7648800.000000,2063882.142857,1113985.204530,5.013458,high_value
FATE_return_pct,2024-01-29,25.438593,-0.155503,5.811199,4.404272,high_value
FATE_return_pct,2024-03-06,15.151518,-0.155503,5.811199,2.634056,high_value
FATE_return_pct,2024-06-26,-12.365592,-0.155503,5.811199,-2.101131,low_value
FATE_return_pct,2024-07-16,16.966583,-0.155503,5.811199,2.946395,high_value
FATE_return_pct,2024-07-23,22.149128,-0.155503,5.811199,3.838215,high_value
FATE_return_pct,2024-11-04,13.580243,-0.155503,5.811199,2.363668,high_value
FATE_return_pct,2024-11-18,12.376238,-0.155503,5.811199,2.156481,high_value
FATE_return_pct,2024-11-27,18.283582,-0.155503,5.811199,3.173026,high_value
FATE_return_pct,2024-12-10,-16.176473,-0.155503,5.811199,-2.756913,low_value
FATE_volume,2024-01-29,7354500.000000,2446662.698413,2115454.446082,2.319992,high_value
FATE_volume,2024-01-31,6739000.000000,2446662.698413,2115454.446082,2.029038,high_value
FATE_volume,2024-03-15,10372600.000000,2446662.698413,2115454.446082,3.746683,high_value
FATE_volume,2024-06-21,7781200.000000,2446662.698413,2115454.446082,2.521698,high_value
FATE_volume,2024-07-16,7655600.000000,2446662.698413,2115454.446082,2.462325,high_value
FATE_volume,2024-11-18,24737200.000000,2446662.698413,2115454.446082,10.536997,high_value
FATE_volume,2024-11-26,12256900.000000,2446662.698413,2115454.446082,4.637414,high_value
FATE_volume,2024-12-20,10136000.000000,2446662.698413,2115454.446082,3.634839,high_value
GILD_return_pct,2024-01-22,-10.150079,0.069552,1.553463,-6.578610,low_value
GILD_return_pct,2024-02-07,-4.245986,0.069552,1.553463,-2.778010,low_value
GILD_return_pct,2024-06-14,3.615237,0.069552,1.553463,2.282439,high_value
GILD_return_pct,2024-06-20,8.456060,0.069552,1.553463,5.398587,high_value
GILD_return_pct,2024-06-21,3.182939,0.069552,1.553463,2.004159,high_value
GILD_return_pct,2024-07-24,3.273868,0.069552,1.553463,2.062692,high_value
GILD_return_pct,2024-07-25,4.095252,0.069552,1.553463,2.591436,high_value
GILD_return_pct,2024-11-07,6.772826,0.069552,1.553463,4.315051,high_value
GILD_return_pct,2024-11-15,-4.027783,0.069552,1.553463,-2.637548,low_value
GILD_volume,2024-01-22,20378600.000000,7038663.492063,3369093.935922,3.959503,high_value
GILD_volume,2024-03-15,13963700.000000,7038663.492063,3369093.935922,2.055460,high_value
GILD_volume,2024-04-25,15172000.000000,7038663.492063,3369093.935922,2.414102,high_value
GILD_volume,2024-05-31,14509300.000000,7038663.492063,3369093.935922,2.217402,high_value
GILD_volume,2024-06-20,25061700.000000,7038663.492063,3369093.935922,5.349520,high_value
GILD_volume,2024-06-21,31120000.000000,7038663.492063,3369093.935922,7.147719,high_value
GILD_volume,2024-09-20,24926000.000000,7038663.492063,3369093.935922,5.309242,high_value
GILD_volume,2024-11-07,14389800.000000,7038663.492063,3369093.935922,2.181933,high_value
GILD_volume,2024-12-20,22530200.000000,7038663.492063,3369093.935922,4.598131,high_value
HALO_return_pct,2024-01-16,5.605577,0.131211,2.570807,2.129435,high_value
HALO_return_pct,2024-02-21,6.555557,0.131211,2.570807,2.498961,high_value
HALO_return_pct,2024-06-06,12.683454,0.131211,2.570807,4.882609,high_value
HALO_return_pct,2024-10-07,-9.006424,0.131211,2.570807,-3.554384,low_value
HALO_return_pct,2024-10-09,-6.410495,0.131211,2.570807,-2.544612,low_value
HALO_return_pct,2024-11-01,13.011671,0.131211,2.570807,5.010279,high_value
HALO_return_pct,2024-11-14,-7.933802,0.131211,2.570807,-3.137153,low_value
HALO_return_pct,2024-11-15,-15.400292,0.131211,2.570807,-6.041490,low_value
HALO_return_pct,2024-11-18,-6.746992,0.131211,2.570807,-2.675504,low_value
HALO_return_pct,2024-11-22,7.221005,0.131211,2.570807,2.757809,high_value
HALO_volume,2024-01-17,3214300.000000,1366865.873016,834610.464520,2.213529,high_value
HALO_volume,2024-01-19,4074400.000000,1366865.873016,834610.464520,3.244069,high_value
HALO_volume,2024-06-06,4604400.000000,1366865.873016,834610.464520,3.879096,high_value
HALO_volume,2024-06-21,3532100.000000,1366865.873016,834610.464520,2.594305,high_value
HALO_volume,2024-10-09,3539900.000000,1366865.873016,834610.464520,2.603651,high_value
HALO_volume,2024-11-01,3404000.000000,1366865.873016,834610.464520,2.440820,high_value
HALO_volume,2024-11-14,3219200.000000,1366865.873016,834610.464520,2.219400,high_value
HALO_volume,2024-11-15,7231200.000000,1366865.873016,834610.464520,7.026433,high_value
HALO_volume,2024-11-18,5483100.000000,1366865.873016,834610.464520,4.931922,high_value
HALO_volume,2024-11-19,3772200.000000,1366865.873016,834610.464520,2.881984,high_value
HALO_volume,2024-11-22,4549700.000000,1366865.873016,834610.464520,3.813556,high_value
HALO_volume,2024-11-25,3213400.000000,1366865.873016,834610.464520,2.212450,high_value
HALO_volume,2024-12-20,4794700.000000,1366865.873016,834610.464520,4.107107,high_value
HOLX_return_pct,2024-01-08,-2.220693,0.003906,1.088151,-2.044384,low_value
HOLX_return_pct,2024-02-02,-2.647495,0.003906,1.088151,-2.436612,low_value
HOLX_return_pct,2024-02-06,2.956687,0.003906,1.088151,2.713577,high_value
HOLX_return_pct,2024-04-01,-2.360180,0.003906,1.088151,-2.172572,low_value
HOLX_return_pct,2024-04-16,-3.133867,0.003906,1.088151,-2.883582,low_value
HOLX_return_pct,2024-06-27,2.684382,0.003906,1.088151,2.463331,high_value
HOLX_return_pct,2024-07-30,3.603720,0.003906,1.088151,3.308194,high_value
HOLX_return_pct,2024-08-12,-2.235776,0.003906,1.088151,-2.058246,low_value
HOLX_return_pct,2024-09-11,-2.379206,0.003906,1.088151,-2.190056,low_value
HOLX_return_pct,2024-10-14,2.267893,0.003906,1.088151,2.080582,high_value
HOLX_return_pct,2024-11-05,-5.876730,0.003906,1.088151,-5.404247,low_value
HOLX_volume,2024-02-02,4242539.000000,1669568.214286,764791.971386,3.364275,high_value
HOLX_volume,2024-03-15,5286988.000000,1669568.214286,764791.971386,4.729940,high_value
HOLX_volume,2024-11-04,3329339.000000,1669568.214286,764791.971386,2.170225,high_value
HOLX_volume,2024-11-05,3451529.000000,1669568.214286,764791.971386,2.329994,high_value
HOLX_volume,2024-12-10,3995615.000000,1669568.214286,764791.971386,3.041411,high_value
HOLX_volume,2024-12-20,8613766.000000,1669568.214286,764791.971386,9.079852,high_value
IDXX_return_pct,2024-01-12,-4.191807,-0.097408,1.702736,-2.404600,low_value
IDXX_return_pct,2024-02-05,8.532834,-0.097408,1.702736,5.068456,high_value
IDXX_return_pct,2024-05-01,-5.016641,-0.097408,1.702736,-2.889018,low_value
IDXX_return_pct,2024-05-14,3.596278,-0.097408,1.702736,2.169265,high_value
IDXX_return_pct,2024-05-15,5.261853,-0.097408,1.702736,3.147442,high_value
IDXX_return_pct,2024-07-16,3.484561,-0.097408,1.702736,2.103655,high_value
IDXX_return_pct,2024-07-18,-5.182591,-0.097408,1.702736,-2.986479,low_value
IDXX_return_pct,2024-08-08,3.605454,-0.097408,1.702736,2.174655,high_value
IDXX_return_pct,2024-10-31,-9.789832,-0.097408,1.702736,-5.692266,low_value
IDXX_return_pct,2024-12-09,3.440517,-0.097408,1.702736,2.077789,high_value
IDXX_return_pct,2024-12-18,-3.823547,-0.097408,1.702736,-2.188325,low_value
IDXX_volume,2024-05-01,1018200.000000,512063.492063,222054.113633,2.279339,high_value
IDXX_volume,2024-06-21,1215400.000000,512063.492063,222054.113633,3.167410,high_value
IDXX_volume,2024-08-05,1134000.000000,512063.492063,222054.113633,2.800833,high_value
IDXX_volume,2024-08-06,1132900.000000,512063.492063,222054.113633,2.795879,high_value
IDXX_volume,2024-10-16,991100.000000,512063.492063,222054.113633,2.157296,high_value
IDXX_volume,2024-10-21,993600.000000,512063.492063,222054.113633,2.168555,high_value
IDXX_volume,2024-10-30,962100.000000,512063.492063,222054.113633,2.026697,high_value
IDXX_volume,2024-10-31,2006400.000000,512063.492063,222054.113633,6.729605,high_value
IDXX_volume,2024-11-01,994100.000000,512063.492063,222054.113633,2.170806,high_value
IDXX_volume,2024-11-06,1074500.000000,512063.492063,222054.113633,2.532880,high_value
IDXX_volume,2024-11-07,966300.000000,512063.492063,222054.113633,2.045612,high_value
IDXX_volume,2024-11-25,1140900.000000,512063.492063,222054.113633,2.831907,high_value
IDXX_volume,2024-12-04,1303300.000000,512063.492063,222054.113633,3.563260,high_value
IDXX_volume,2024-12-20,1122200.000000,512063.492063,222054.113633,2.747693,high_value
INCY_return_pct,2024-02-07,-3.840350,0.038942,1.881301,-2.062027,low_value
INCY_return_pct,2024-05-13,8.556346,0.038942,1.881301,4.527401,high_value
INCY_return_pct,2024-06-13,4.587921,0.038942,1.881301,2.417997,high_value
INCY_return_pct,2024-07-09,4.349326,0.038942,1.881301,2.291172,high_value
INCY_return_pct,2024-07-31,-4.012393,0.038942,1.881301,-2.153476,low_value
INCY_return_pct,2024-08-05,-3.831241,0.038942,1.881301,-2.057185,low_value
INCY_return_pct,2024-09-16,4.483956,0.038942,1.881301,2.362734,high_value
INCY_return_pct,2024-10-29,12.041400,0.038942,1.881301,6.379872,high_value
INCY_return_pct,2024-11-06,4.748963,0.038942,1.881301,2.503598,high_value
INCY_return_pct,2024-11-19,-8.327925,0.038942,1.881301,-4.447384,low_value
INCY_return_pct,2024-12-09,-5.018437,0.038942,1.881301,-2.688236,low_value
INCY_volume,2024-05-13,7237400.000000,2318942.460317,1753638.890150,2.804715,high_value
INCY_volume,2024-06-03,7764700.000000,2318942.460317,1753638.890150,3.105404,high_value
INCY_volume,2024-06-04,6497700.000000,2318942.460317,1753638.890150,2.382907,high_value
INCY_volume,2024-06-05,7494700.000000,2318942.460317,1753638.890150,2.951439,high_value
INCY_volume,2024-06-06,7860200.000000,2318942.460317,1753638.890150,3.159862,high_value
INCY_volume,2024-06-07,8706300.000000,2318942.460317,1753638.890150,3.642345,high_value
INCY_volume,2024-06-10,10171000.000000,2318942.460317,1753638.890150,4.477579,high_value
INCY_volume,2024-06-11,9175700.000000,2318942.460317,1753638.890150,3.910017,high_value
INCY_volume,2024-06-12,6112000.000000,2318942.460317,1753638.890150,2.162964,high_value
INCY_volume,2024-06-13,6474000.000000,2318942.460317,1753638.890150,2.369392,high_value
INCY_volume,2024-06-17,6287100.000000,2318942.460317,1753638.890150,2.262813,high_value
INCY_volume,2024-06-21,9700700.000000,2318942.460317,1753638.890150,4.209394,high_value
INCY_volume,2024-06-28,10984700.000000,2318942.460317,1753638.890150,4.941586,high_value
INCY_volume,2024-09-20,7670500.000000,2318942.460317,1753638.890150,3.051687,high_value
INCY_volume,2024-11-19,10883800.000000,2318942.460317,1753638.890150,4.884049,high_value
INCY_volume,2024-12-20,6805500.000000,2318942.460317,1753638.890150,2.558427,high_value
IONS_return_pct,2024-02-15,-7.723662,-0.138470,2.275566,-3.333321,low_value
IONS_return_pct,2024-06-12,4.560346,-0.138470,2.275566,2.064900,high_value
IONS_return_pct,2024-06-24,6.813288,-0.138470,2.275566,3.054958,high_value
IONS_return_pct,2024-06-25,5.192479,-0.138470,2.275566,2.342692,high_value
IONS_return_pct,2024-07-16,4.771916,-0.138470,2.275566,2.157875,high_value
IONS_return_pct,2024-07-22,5.834381,-0.138470,2.275566,2.624776,high_value
IONS_return_pct,2024-09-10,-12.290507,-0.138470,2.275566,-5.340226,low_value
IONS_return_pct,2024-11-15,-7.762556,-0.138470,2.275566,-3.350413,low_value
IONS_return_pct,2024-11-20,4.888893,-0.138470,2.275566,2.209280,high_value
IONS_volume,2024-05-16,3313900.000000,1349015.873016,904834.425125,2.171540,high_value
IONS_volume,2024-06-24,4717200.000000,1349015.873016,904834.425125,3.722431,high_value
IONS_volume,2024-09-10,11521900.000000,1349015.873016,904834.425125,11.242813,high_value
IONS_volume,2024-09-12,4596800.000000,1349015.873016,904834.425125,3.589368,high_value
IONS_volume,2024-12-20,4063400.000000,1349015.873016,904834.425125,2.999868,high_value
ISRG_return_pct,2024-01-10,10.252304,0.195358,1.676064,6.000333,high_value
ISRG_return_pct,2024-01-18,3.636310,0.195358,1.676064,2.052995,high_value
ISRG_return_pct,2024-03-05,-3.312611,0.195358,1.676064,-2.092980,low_value
ISRG_return_pct,2024-03-11,-3.304839,0.195358,1.676064,-2.088343,low_value
ISRG_return_pct,2024-04-02,-3.168134,0.195358,1.676064,-2.006780,low_value
ISRG_return_pct,2024-05-15,3.956379,0.195358,1.676064,2.243960,high_value
ISRG_return_pct,2024-07-19,9.340605,0.195358,1.676064,5.456381,high_value
ISRG_return_pct,2024-07-25,-3.806000,0.195358,1.676064,-2.387353,low_value
ISRG_return_pct,2024-10-18,10.009924,0.195358,1.676064,5.855721,high_value
ISRG_return_pct,2024-12-18,-3.428352,0.195358,1.676064,-2.162035,low_value
ISRG_volume,2024-01-10,4868400.000000,1438662.301587,667294.570231,5.139766,high_value
ISRG_volume,2024-01-24,4949700.000000,1438662.301587,667294.570231,5.261601,high_value
ISRG_volume,2024-03-15,3906800.000000,1438662.301587,667294.570231,3.698723,high_value
ISRG_volume,2024-04-19,3975900.000000,1438662.301587,667294.570231,3.802275,high_value
ISRG_volume,2024-06-28,3106100.000000,1438662.301587,667294.570231,2.498803,high_value
ISRG_volume,2024-07-18,3856000.000000,1438662.301587,667294.570231,3.622595,high_value
ISRG_volume,2024-07-19,4201300.000000,1438662.301587,667294.570231,4.140057,high_value
ISRG_volume,2024-10-18,4059200.000000,1438662.301587,667294.570231,3.927108,high_value
ISRG_volume,2024-12-20,3933900.000000,1438662.301587,667294.570231,3.739335,high_value
JNJ_return_pct,2024-04-03,-2.199955,-0.023331,0.943470,-2.307041,low_value
JNJ_return_pct,2024-04-16,-2.127498,-0.023331,0.943470,-2.230242,low_value
JNJ_return_pct,2024-05-01,4.557729,-0.023331,0.943470,4.855545,high_value
JNJ_return_pct,2024-05-23,-2.475554,-0.023331,0.943470,-2.599154,low_value
JNJ_return_pct,2024-07-17,3.688503,-0.023331,0.943470,3.934237,high_value
JNJ_return_pct,2024-07-24,2.579584,-0.023331,0.943470,2.758875,high_value
JNJ_return_pct,2024-07-25,2.149984,-0.023331,0.943470,2.303535,high_value
JNJ_return_pct,2024-07-31,-2.157081,-0.023331,0.943470,-2.261598,low_value
JNJ_return_pct,2024-08-02,2.102516,-0.023331,0.943470,2.253223,high_value
JNJ_volume,2024-03-15,13165500.000000,7165161.111111,2189274.488072,2.740789,high_value
JNJ_volume,2024-04-16,12774900.000000,7165161.111111,2189274.488072,2.562373,high_value
JNJ_volume,2024-05-01,14470900.000000,7165161.111111,2189274.488072,3.337059,high_value
JNJ_volume,2024-05-31,14621200.000000,7165161.111111,2189274.488072,3.405712,high_value
JNJ_volume,2024-06-21,15172300.000000,7165161.111111,2189274.488072,3.657439,high_value
JNJ_volume,2024-07-17,13801400.000000,7165161.111111,2189274.488072,3.031250,high_value
JNJ_volume,2024-08-05,12032200.000000,7165161.111111,2189274.488072,2.223129,high_value
JNJ_volume,2024-09-20,11839000.000000,7165161.111111,2189274.488072,2.134880,high_value
JNJ_volume,2024-11-25,12256200.000000,7165161.111111,2189274.488072,2.325446,high_value
JNJ_volume,2024-12-11,13446700.000000,7165161.111111,2189274.488072,2.869233,high_value
JNJ_volume,2024-12-20,17702800.000000,7165161.111111,2189274.488072,4.813302,high_value
LLY_return_pct,2024-01-03,4.305963,0.126333,1.904703,2.194374,high_value
LLY_return_pct,2024-02-05,5.773969,0.126333,1.904703,2.965102,high_value
LLY_return_pct,2024-04-30,5.954944,0.126333,1.904703,3.060116,high_value
LLY_return_pct,2024-05-06,4.314465,0.126333,1.904703,2.198838,high_value
LLY_return_pct,2024-07-17,-3.824327,0.126333,1.904703,-2.074161,low_value
LLY_return_pct,2024-07-18,-6.260004,0.126333,1.904703,-3.352931,low_value
LLY_return_pct,2024-07-25,-4.499475,0.126333,1.904703,-2.428625,low_value
LLY_return_pct,2024-08-08,9.476255,0.126333,1.904703,4.908862,high_value
LLY_return_pct,2024-08-09,5.485550,0.126333,1.904703,2.813677,high_value
LLY_return_pct,2024-10-30,-6.280578,0.126333,1.904703,-3.363733,low_value
LLY_return_pct,2024-11-08,4.274876,0.126333,1.904703,2.178053,high_value
LLY_return_pct,2024-11-15,-4.934204,0.126333,1.904703,-2.656865,low_value
LLY_return_pct,2024-11-26,4.545701,0.126333,1.904703,2.320241,high_value
LLY_volume,2024-02-05,7602400.000000,3211264.682540,1784865.845316,2.460205,high_value
LLY_volume,2024-02-06,8187300.000000,3211264.682540,1784865.845316,2.787904,high_value
LLY_volume,2024-04-30,7437100.000000,3211264.682540,1784865.845316,2.367593,high_value
LLY_volume,2024-07-18,7649600.000000,3211264.682540,1784865.845316,2.486649,high_value
LLY_volume,2024-08-08,9434900.000000,3211264.682540,1784865.845316,3.486892,high_value
LLY_volume,2024-09-20,9921800.000000,3211264.682540,1784865.845316,3.759686,high_value
LLY_volume,2024-10-30,18257200.000000,3211264.682540,1784865.845316,8.429729,high_value
LLY_volume,2024-11-06,8257900.000000,3211264.682540,1784865.845316,2.827459,high_value
LLY_volume,2024-11-08,7212900.000000,3211264.682540,1784865.845316,2.241981,high_value
LLY_volume,2024-11-15,7334600.000000,3211264.682540,1784865.845316,2.310165,high_value
LLY_volume,2024-11-18,9148100.000000,3211264.682540,1784865.845316,3.326208,high_value
LLY_volume,2024-12-20,9942300.000000,3211264.682540,1784865.845316,3.771172,high_value
MDT_return_pct,2024-01-08,2.364899,0.004927,1.098781,2.147810,high_value
MDT_return_pct,2024-02-26,-2.334525,0.004927,1.098781,-2.129134,low_value
MDT_return_pct,2024-03-27,3.847057,0.004927,1.098781,3.496720,high_value
MDT_return_pct,2024-04-12,-2.482661,0.004927,1.098781,-2.263953,low_value
MDT_return_pct,2024-05-23,-5.107286,0.004927,1.098781,-4.652623,low_value
MDT_return_pct,2024-07-17,4.046109,0.004927,1.098781,3.677878,high_value
MDT_return_pct,2024-08-15,2.336683,0.004927,1.098781,2.122130,high_value
MDT_return_pct,2024-08-21,2.529872,0.004927,1.098781,2.297951,high_value
MDT_return_pct,2024-09-04,2.326892,0.004927,1.098781,2.113219,high_value
MDT_return_pct,2024-10-18,2.728587,0.004927,1.098781,2.478801,high_value
MDT_return_pct,2024-11-07,-2.208408,0.004927,1.098781,-2.014355,low_value
MDT_return_pct,2024-11-14,-2.239406,0.004927,1.098781,-2.042566,low_value
MDT_return_pct,2024-11-19,-2.956942,0.004927,1.098781,-2.695596,low_value
MDT_volume,2024-02-16,10848600.000000,6229686.111111,2267761.477549,2.036772,high_value
MDT_volume,2024-02-20,11771400.000000,6229686.111111,2267761.477549,2.443693,high_value
MDT_volume,2024-03-15,17082100.000000,6229686.111111,2267761.477549,4.785518,high_value
MDT_volume,2024-05-31,11406000.000000,6229686.111111,2267761.477549,2.282565,high_value
MDT_volume,2024-06-21,11094400.000000,6229686.111111,2267761.477549,2.145161,high_value
MDT_volume,2024-08-20,10841600.000000,6229686.111111,2267761.477549,2.033686,high_value
MDT_volume,2024-09-20,25452900.000000,6229686.111111,2267761.477549,8.476735,high_value
MDT_volume,2024-11-19,12000800.000000,6229686.111111,2267761.477549,2.544850,high_value
MRK_return_pct,2024-02-01,4.636533,-0.032175,1.310432,3.562725,high_value
MRK_return_pct,2024-03-27,4.963363,-0.032175,1.310432,3.812131,high_value
MRK_return_pct,2024-04-25,2.929127,-0.032175,1.310432,2.259791,high_value
MRK_return_pct,2024-06-28,-4.637198,-0.032175,1.310432,-3.514126,low_value
MRK_return_pct,2024-07-01,3.311794,-0.032175,1.310432,2.551806,high_value
MRK_return_pct,2024-07-30,-9.805914,-0.032175,1.310432,-7.458411,low_value
MRK_return_pct,2024-12-10,-2.688131,-0.032175,1.310432,-2.026779,low_value
MRK_volume,2024-03-15,46477400.000000,9338917.857143,5605897.759740,6.624895,high_value
MRK_volume,2024-06-28,57055500.000000,9338917.857143,5605897.759740,8.511854,high_value
MRK_volume,2024-07-30,35509400.000000,9338917.857143,5605897.759740,4.668384,high_value
MRK_volume,2024-07-31,22733000.000000,9338917.857143,5605897.759740,2.389284,high_value
MRK_volume,2024-09-20,21200900.000000,9338917.857143,5605897.759740,2.115983,high_value
MRK_volume,2024-11-25,34659100.000000,9338917.857143,5605897.759740,4.516704,high_value
MRK_volume,2024-12-11,21613000.000000,9338917.857143,5605897.759740,2.189494,high_value
MRK_volume,2024-12-20,29289700.000000,9338917.857143,5605897.759740,3.558892,high_value
MRNA_return_pct,2024-02-22,13.528949,-0.325580,3.715533,3.728813,high_value
MRNA_return_pct,2024-03-11,8.686795,-0.325580,3.715533,2.425594,high_value
MRNA_return_pct,2024-05-02,12.677191,-0.325580,3.715533,3.499571,high_value
MRNA_return_pct,2024-05-13,7.126418,-0.325580,3.715533,2.005634,high_value
MRNA_return_pct,2024-05-22,13.668313,-0.325580,3.715533,3.766322,high_value
MRNA_return_pct,2024-05-28,-8.048739,-0.325580,3.715533,-2.078614,low_value
MRNA_return_pct,2024-06-26,-11.010181,-0.325580,3.715533,-2.875658,low_value
MRNA_return_pct,2024-08-01,-21.011578,-0.325580,3.715533,-5.567438,low_value
MRNA_return_pct,2024-08-02,-8.059888,-0.325580,3.715533,-2.081615,low_value
MRNA_return_pct,2024-09-12,-12.363227,-0.325580,3.715533,-3.239817,low_value
MRNA_return_pct,2024-11-11,-8.712367,-0.325580,3.715533,-2.257223,low_value
MRNA_return_pct,2024-11-18,7.218453,-0.325580,3.715533,2.030404,high_value
MRNA_return_pct,2024-11-22,7.477126,-0.325580,3.715533,2.100023,high_value
MRNA_return_pct,2024-12-10,-9.069010,-0.325580,3.715533,-2.353210,low_value
MRNA_volume,2024-01-02,14530200.000000,5139178.571429,3894210.329015,2.411534,high_value
MRNA_volume,2024-05-22,13592700.000000,5139178.571429,3894210.329015,2.170792,high_value
MRNA_volume,2024-08-01,18591900.000000,5139178.571429,3894210.329015,3.454544,high_value
MRNA_volume,2024-09-12,23976300.000000,5139178.571429,3894210.329015,4.837212,high_value
MRNA_volume,2024-11-07,18211700.000000,5139178.571429,3894210.329015,3.356912,high_value
MRNA_volume,2024-11-08,13561500.000000,5139178.571429,3894210.329015,2.162780,high_value
MRNA_volume,2024-11-11,15915900.000000,5139178.571429,3894210.329015,2.767370,high_value
MRNA_volume,2024-11-15,24355500.000000,5139178.571429,3894210.329015,4.934587,high_value
MRNA_volume,2024-11-18,13864800.000000,5139178.571429,3894210.329015,2.240665,high_value
MRNA_volume,2024-11-22,13410800.000000,5139178.571429,3894210.329015,2.124082,high_value
MRNA_volume,2024-11-25,15821700.000000,5139178.571429,3894210.329015,2.743180,high_value
MRNA_volume,2024-12-20,35482900.000000,5139178.571429,3894210.329015,7.792009,high_value
NBIX_return_pct,2024-02-07,-4.665650,0.036479,2.067781,-2.273997,low_value
NBIX_return_pct,2024-04-23,4.810708,0.036479,2.067781,2.308866,high_value
NBIX_return_pct,2024-05-29,-4.171413,0.036479,2.067781,-2.034979,low_value
NBIX_return_pct,2024-06-04,-4.602632,0.036479,2.067781,-2.243521,low_value
NBIX_return_pct,2024-08-01,8.179689,0.036479,2.067781,3.938139,high_value
NBIX_return_pct,2024-08-28,-18.872501,0.036479,2.067781,-9.144574,low_value
NBIX_return_pct,2024-10-30,7.005766,0.036479,2.067781,3.370418,high_value
NBIX_return_pct,2024-11-15,-4.427079,0.036479,2.067781,-2.158622,low_value
NBIX_return_pct,2024-12-16,5.011844,0.036479,2.067781,2.406137,high_value
NBIX_volume,2024-03-21,2512100.000000,881280.158730,455124.913434,3.583236,high_value
NBIX_volume,2024-06-21,2188300.000000,881280.158730,455124.913434,2.871783,high_value
NBIX_volume,2024-08-01,2028200.000000,881280.158730,455124.913434,2.520011,high_value
NBIX_volume,2024-08-28,4827600.000000,881280.158730,455124.913434,8.670850,high_value
NBIX_volume,2024-09-05,2192600.000000,881280.158730,455124.913434,2.881231,high_value
NBIX_volume,2024-10-30,2596300.000000,881280.158730,455124.913434,3.768240,high_value
NBIX_volume,2024-12-18,2135100.000000,881280.158730,455124.913434,2.754892,high_value
NBIX_volume,2024-12-20,2265600.000000,881280.158730,455124.913434,3.041626,high_value
NTLA_return_pct,2024-02-13,-10.672070,-0.310467,3.867478,-2.679163,low_value
NTLA_return_pct,2024-02-27,12.147508,-0.310467,3.867478,3.221214,high_value
NTLA_return_pct,2024-05-09,8.086959,-0.310467,3.867478,2.171293,high_value
NTLA_return_pct,2024-05-28,-8.534625,-0.310467,3.867478,-2.126491,low_value
NTLA_return_pct,2024-06-03,10.009361,-0.310467,3.867478,2.668361,high_value
NTLA_return_pct,2024-06-12,8.842107,-0.310467,3.867478,2.366549,high_value
NTLA_return_pct,2024-10-24,-20.511535,-0.310467,3.867478,-5.223319,low_value
NTLA_return_pct,2024-10-29,-8.261936,-0.310467,3.867478,-2.055983,low_value
NTLA_return_pct,2024-12-06,7.838833,-0.310467,3.867478,2.107136,high_value
NTLA_return_pct,2024-12-18,-8.453920,-0.310467,3.867478,-2.105624,low_value
NTLA_volume,2024-02-29,4110900.000000,1791999.206349,1019889.885085,2.273678,high_value
NTLA_volume,2024-06-28,5391400.000000,1791999.206349,1019889.885085,3.529205,high_value
NTLA_volume,2024-10-24,11379700.000000,1791999.206349,1019889.885085,9.400722,high_value
NTLA_volume,2024-10-29,4551700.000000,1791999.206349,1019889.885085,2.705881,high_value
NTLA_volume,2024-11-18,5612600.000000,1791999.206349,1019889.885085,3.746091,high_value
NTLA_volume,2024-11-20,4478100.000000,1791999.206349,1019889.885085,2.633716,high_value
NTLA_volume,2024-11-21,3970900.000000,1791999.206349,1019889.885085,2.136408,high_value
NTLA_volume,2024-11-25,3837000.000000,1791999.206349,1019889.885085,2.005119,high_value
PFE_return_pct,2024-02-06,3.500200,-0.011166,1.456676,2.410532,high_value
PFE_return_pct,2024-03-06,4.256136,-0.011166,1.456676,2.929478,high_value
PFE_return_pct,2024-03-11,4.224833,-0.011166,1.456676,2.907989,high_value
PFE_return_pct,2024-04-25,-3.844713,-0.011166,1.456676,-2.631708,low_value
PFE_return_pct,2024-05-01,6.088992,-0.011166,1.456676,4.187723,high_value
PFE_return_pct,2024-05-22,3.641445,-0.011166,1.456676,2.507496,high_value
PFE_return_pct,2024-05-23,-3.074321,-0.011166,1.456676,-2.102838,low_value
PFE_return_pct,2024-07-26,3.393811,-0.011166,1.456676,2.337497,high_value
PFE_return_pct,2024-09-09,2.976178,-0.011166,1.456676,2.050794,high_value
PFE_return_pct,2024-10-09,3.461268,-0.011166,1.456676,2.383806,high_value
PFE_return_pct,2024-11-15,-4.688710,-0.011166,1.456676,-3.211107,low_value
PFE_return_pct,2024-12-17,4.673269,-0.011166,1.456676,3.215837,high_value
PFE_volume,2024-01-30,86072400.000000,38812927.380952,16329540.649179,2.894109,high_value
PFE_volume,2024-01-31,81192100.000000,38812927.380952,16329540.649179,2.595246,high_value
PFE_volume,2024-03-04,86777700.000000,38812927.380952,16329540.649179,2.937301,high_value
PFE_volume,2024-03-05,73646100.000000,38812927.380952,16329540.649179,2.133139,high_value
PFE_volume,2024-03-06,84919500.000000,38812927.380952,16329540.649179,2.823507,high_value
PFE_volume,2024-03-15,75727900.000000,38812927.380952,16329540.649179,2.260625,high_value
PFE_volume,2024-05-01,97388900.000000,38812927.380952,16329540.649179,3.587117,high_value
PFE_volume,2024-05-31,78290100.000000,38812927.380952,16329540.649179,2.417531,high_value
PFE_volume,2024-07-30,89857500.000000,38812927.380952,16329540.649179,3.125904,high_value
PFE_volume,2024-10-29,102267000.000000,38812927.380952,16329540.649179,3.885846,high_value
PFE_volume,2024-11-15,131074400.000000,38812927.380952,16329540.649179,5.649974,high_value
PFE_volume,2024-12-20,116340100.000000,38812927.380952,16329540.649179,4.747664,high_value
PODD_return_pct,2024-01-03,-6.910237,0.115605,2.326944,-3.019343,low_value
PODD_return_pct,2024-02-23,-6.558787,0.115605,2.326944,-2.868308,low_value
PODD_return_pct,2024-02-26,-8.349169,0.115605,2.326944,-3.637722,low_value
PODD_return_pct,2024-03-07,5.908273,0.115605,2.326944,2.489389,high_value
PODD_return_pct,2024-05-08,-4.726499,0.115605,2.326944,-2.080886,low_value
PODD_return_pct,2024-05-10,-6.551008,0.115605,2.326944,-2.864965,low_value
PODD_return_pct,2024-05-14,6.986710,0.115605,2.326944,2.952845,high_value
PODD_return_pct,2024-05-15,4.812209,0.115605,2.326944,2.018357,high_value
PODD_return_pct,2024-05-23,-5.682576,0.115605,2.326944,-2.491758,low_value
PODD_return_pct,2024-05-24,5.433582,0.115605,2.326944,2.285391,high_value
PODD_return_pct,2024-08-08,4.937231,0.115605,2.326944,2.072085,high_value
PODD_return_pct,2024-08-09,-8.809245,0.115605,2.326944,-3.835439,low_value
PODD_return_pct,2024-08-20,-6.865045,0.115605,2.326944,-2.999922,low_value
PODD_return_pct,2024-08-27,6.580331,0.115605,2.326944,2.778204,high_value
PODD_return_pct,2024-08-28,6.148092,0.115605,2.326944,2.592451,high_value
PODD_return_pct,2024-11-08,9.396687,0.115605,2.326944,3.988529,high_value
PODD_volume,2024-01-31,1760700.000000,752796.428571,390331.167325,2.582175,high_value
PODD_volume,2024-02-23,1928000.000000,752796.428571,390331.167325,3.010786,high_value
PODD_volume,2024-02-26,2387900.000000,752796.428571,390331.167325,4.189016,high_value
PODD_volume,2024-02-27,2206100.000000,752796.428571,390331.167325,3.723258,high_value
PODD_volume,2024-05-09,1833600.000000,752796.428571,390331.167325,2.768940,high_value
PODD_volume,2024-05-10,3176400.000000,752796.428571,390331.167325,6.209096,high_value
PODD_volume,2024-05-13,1750500.000000,752796.428571,390331.167325,2.556044,high_value
PODD_volume,2024-05-14,2319700.000000,752796.428571,390331.167325,4.014293,high_value
PODD_volume,2024-07-26,1848000.000000,752796.428571,390331.167325,2.805832,high_value
PODD_volume,2024-08-09,2129800.000000,752796.428571,390331.167325,3.527783,high_value
PODD_volume,2024-11-08,1582900.000000,752796.428571,390331.167325,2.126665,high_value
RARE_return_pct,2024-02-13,-5.905011,-0.020946,2.576956,-2.283339,low_value
RARE_return_pct,2024-02-16,5.750108,-0.020946,2.576956,2.239485,high_value
RARE_return_pct,2024-02-27,6.786069,-0.020946,2.576956,2.641495,high_value
RARE_return_pct,2024-04-05,6.711979,-0.020946,2.576956,2.612744,high_value
RARE_return_pct,2024-04-12,-7.297832,-0.020946,2.576956,-2.823830,low_value
RARE_return_pct,2024-04-15,-8.787236,-0.020946,2.576956,-3.401801,low_value
RARE_return_pct,2024-06-12,7.826082,-0.020946,2.576956,3.045076,high_value
RARE_return_pct,2024-06-14,-9.438775,-0.020946,2.576956,-3.654633,low_value
RARE_return_pct,2024-06-18,-5.979902,-0.020946,2.576956,-2.312401,low_value
RARE_return_pct,2024-08-02,14.314835,-0.020946,2.576956,5.563068,high_value
RARE_return_pct,2024-08-21,7.621206,-0.020946,2.576956,2.965573,high_value
RARE_return_pct,2024-11-12,-5.696825,-0.020946,2.576956,-2.202552,low_value
RARE_return_pct,2024-11-15,-6.066330,-0.020946,2.576956,-2.345940,low_value
RARE_volume,2024-01-19,3197900.000000,777776.587302,427740.954057,5.657918,high_value
RARE_volume,2024-03-15,1792100.000000,777776.587302,427740.954057,2.371350,high_value
RARE_volume,2024-04-15,1727300.000000,777776.587302,427740.954057,2.219856,high_value
RARE_volume,2024-06-14,4107700.000000,777776.587302,427740.954057,7.784907,high_value
RARE_volume,2024-08-02,2696500.000000,777776.587302,427740.954057,4.485714,high_value
RARE_volume,2024-11-04,2295000.000000,777776.587302,427740.954057,3.547061,high_value
RARE_volume,2024-11-05,1749700.000000,777776.587302,427740.954057,2.272224,high_value
RARE_volume,2024-12-20,1733600.000000,777776.587302,427740.954057,2.234585,high_value
REGN_return_pct,2024-05-02,3.777635,-0.085902,1.363513,2.833516,high_value
REGN_return_pct,2024-08-08,4.265770,-0.085902,1.363513,3.191515,high_value
REGN_return_pct,2024-08-13,3.321767,-0.085902,1.363513,2.499183,high_value
REGN_return_pct,2024-09-23,-4.633081,-0.085902,1.363513,-3.334900,low_value
REGN_return_pct,2024-09-24,-4.212520,-0.085902,1.363513,-3.026460,low_value
REGN_return_pct,2024-10-31,-9.166769,-0.085902,1.363513,-6.659905,low_value
REGN_return_pct,2024-11-15,-3.284299,-0.085902,1.363513,-2.345703,low_value
REGN_return_pct,2024-12-12,-4.143599,-0.085902,1.363513,-2.975913,low_value
REGN_return_pct,2024-12-18,-3.431042,-0.085902,1.363513,-2.453324,low_value
REGN_volume,2024-06-21,1269900.000000,569330.555556,277233.653781,2.527000,high_value
REGN_volume,2024-09-23,1168300.000000,569330.555556,277233.653781,2.160522,high_value
REGN_volume,2024-09-24,1695200.000000,569330.555556,277233.653781,4.061085,high_value
REGN_volume,2024-10-22,1511700.000000,569330.555556,277233.653781,3.399188,high_value
REGN_volume,2024-10-31,2291400.000000,569330.555556,277233.653781,6.211618,high_value
REGN_volume,2024-11-15,1374500.000000,569330.555556,277233.653781,2.904299,high_value
REGN_volume,2024-11-25,1196400.000000,569330.555556,277233.653781,2.261881,high_value
REGN_volume,2024-12-10,1298500.000000,569330.555556,277233.653781,2.630162,high_value
REGN_volume,2024-12-20,1890000.000000,569330.555556,277233.653781,4.763741,high_value
RMD_return_pct,2024-01-25,8.481777,0.144986,2.359559,3.533199,high_value
RMD_return_pct,2024-04-17,-5.966685,0.144986,2.359559,-2.590175,low_value
RMD_return_pct,2024-04-26,18.885623,0.144986,2.359559,7.942432,high_value
RMD_return_pct,2024-06-24,-11.480348,0.144986,2.359559,-4.926909,low_value
RMD_return_pct,2024-07-26,-5.423824,0.144986,2.359559,-2.360106,low_value
RMD_return_pct,2024-07-29,5.836381,0.144986,2.359559,2.412058,high_value
RMD_return_pct,2024-08-27,7.256715,0.144986,2.359559,3.014008,high_value
RMD_return_pct,2024-09-18,-5.121975,0.144986,2.359559,-2.232180,low_value
RMD_return_pct,2024-10-25,7.119867,0.144986,2.359559,2.956010,high_value
RMD_return_pct,2024-11-13,-4.761131,0.144986,2.359559,-2.079252,low_value
RMD_return_pct,2024-12-18,-5.114987,0.144986,2.359559,-2.229219,low_value
RMD_volume,2024-01-25,2473200.000000,1011291.666667,592278.020947,2.468281,high_value
RMD_volume,2024-01-26,2336900.000000,1011291.666667,592278.020947,2.238152,high_value
RMD_volume,2024-04-17,3005100.000000,1011291.666667,592278.020947,3.366339,high_value
RMD_volume,2024-04-26,4330800.000000,1011291.666667,592278.020947,5.604645,high_value
RMD_volume,2024-05-31,2928100.000000,1011291.666667,592278.020947,3.236332,high_value
RMD_volume,2024-06-21,2717400.000000,1011291.666667,592278.020947,2.880587,high_value
RMD_volume,2024-06-24,4020900.000000,1011291.666667,592278.020947,5.081411,high_value
RMD_volume,2024-06-28,3500700.000000,1011291.666667,592278.020947,4.203108,high_value
RMD_volume,2024-08-02,2659800.000000,1011291.666667,592278.020947,2.783335,high_value
RMD_volume,2024-10-25,3516500.000000,1011291.666667,592278.020947,4.229784,high_value
RMD_volume,2024-12-20,3057200.000000,1011291.666667,592278.020947,3.454304,high_value
SRPT_return_pct,2024-01-09,16.723512,0.141004,3.206491,5.171543,high_value
SRPT_return_pct,2024-02-16,7.782850,0.141004,3.206491,2.383243,high_value
SRPT_return_pct,2024-02-29,-6.981817,0.141004,3.206491,-2.221375,low_value
SRPT_return_pct,2024-05-28,-8.205085,0.141004,3.206491,-2.602873,low_value
SRPT_return_pct,2024-05-30,7.053761,0.141004,3.206491,2.155863,high_value
SRPT_return_pct,2024-06-21,30.137653,0.141004,3.206491,9.354976,high_value
SRPT_return_pct,2024-08-09,-8.108503,0.141004,3.206491,-2.572752,low_value
SRPT_return_pct,2024-11-26,13.824682,0.141004,3.206491,4.267493,high_value
SRPT_volume,2024-01-09,5249700.000000,1198157.936508,1465784.113922,2.764078,high_value
SRPT_volume,2024-05-30,4369400.000000,1198157.936508,1465784.113922,2.163512,high_value
SRPT_volume,2024-05-31,16976000.000000,1198157.936508,1465784.113922,10.764097,high_value
SRPT_volume,2024-06-21,14382400.000000,1198157.936508,1465784.113922,8.994668,high_value
SRPT_volume,2024-06-24,4542900.000000,1198157.936508,1465784.113922,2.281879,high_value
SYK_return_pct,2024-01-31,5.949980,0.088369,1.179414,4.969934,high_value
SYK_return_pct,2024-02-14,2.831090,0.088369,1.179414,2.325494,high_value
SYK_return_pct,2024-03-27,2.611727,0.088369,1.179414,2.139500,high_value
SYK_return_pct,2024-04-18,-2.553343,0.088369,1.179414,-2.239852,low_value
SYK_return_pct,2024-05-01,-2.490346,0.088369,1.179414,-2.186438,low_value
SYK_return_pct,2024-07-15,-3.185314,0.088369,1.179414,-2.775686,low_value
SYK_return_pct,2024-07-19,2.934501,0.088369,1.179414,2.413174,high_value
SYK_return_pct,2024-07-25,-3.812935,0.088369,1.179414,-3.307832,low_value
SYK_return_pct,2024-08-05,-4.711070,0.088369,1.179414,-4.069342,low_value
SYK_return_pct,2024-10-18,2.732609,0.088369,1.179414,2.241994,high_value
SYK_return_pct,2024-11-01,3.050956,0.088369,1.179414,2.511914,high_value
SYK_return_pct,2024-12-18,-3.139069,0.088369,1.179414,-2.736476,low_value
SYK_volume,2024-01-31,4931900.000000,1259515.873016,533404.700718,6.884799,high_value
SYK_volume,2024-04-30,2480500.000000,1259515.873016,533404.700718,2.289039,high_value
SYK_volume,2024-05-01,2766900.000000,1259515.873016,533404.700718,2.825967,high_value
SYK_volume,2024-07-19,2421800.000000,1259515.873016,533404.700718,2.178991,high_value
SYK_volume,2024-07-30,2427300.000000,1259515.873016,533404.700718,2.189302,high_value
SYK_volume,2024-07-31,3543100.000000,1259515.873016,533404.700718,4.281147,high_value
SYK_volume,2024-08-05,2403300.000000,1259515.873016,533404.700718,2.144308,high_value
SYK_volume,2024-08-06,2477800.000000,1259515.873016,533404.700718,2.283977,high_value
SYK_volume,2024-11-15,2874000.000000,1259515.873016,533404.700718,3.026753,high_value
SYK_volume,2024-12-20,3146700.000000,1259515.873016,533404.700718,3.537997,high_value
TECH_return_pct,2024-01-03,-5.957500,0.003041,2.315403,-2.574299,low_value
TECH_return_pct,2024-05-01,16.215794,0.003041,2.315403,7.002130,high_value
TECH_return_pct,2024-07-11,5.966419,0.003041,2.315403,2.575525,high_value
TECH_return_pct,2024-08-07,-9.512881,0.003041,2.315403,-4.109834,low_value
TECH_return_pct,2024-09-19,5.032015,0.003041,2.315403,2.171965,high_value
TECH_return_pct,2024-10-30,7.463952,0.003041,2.315403,3.222295,high_value
TECH_return_pct,2024-11-15,-6.851388,0.003041,2.315403,-2.960361,low_value
TECH_return_pct,2024-12-18,-5.128182,0.003041,2.315403,-2.216125,low_value
TECH_volume,2024-01-19,2113900.000000,996740.873016,477230.520024,2.340921,high_value
TECH_volume,2024-02-01,2506900.000000,996740.873016,477230.520024,3.164423,high_value
TECH_volume,2024-05-01,3117200.000000,996740.873016,477230.520024,4.443260,high_value
TECH_volume,2024-05-02,2256000.000000,996740.873016,477230.520024,2.638681,high_value
TECH_volume,2024-06-28,4737500.000000,996740.873016,477230.520024,7.838474,high_value
TECH_volume,2024-08-07,2594500.000000,996740.873016,477230.520024,3.347982,high_value
TECH_volume,2024-10-30,2663600.000000,996740.873016,477230.520024,3.492776,high_value
TECH_volume,2024-11-15,2449000.000000,996740.873016,477230.520024,3.043098,high_value
TECH_volume,2024-12-20,2221200.000000,996740.873016,477230.520024,2.565760,high_value
TMO_return_pct,2024-01-03,-2.817249,-0.008959,1.254091,-2.239303,low_value
TMO_return_pct,2024-01-31,-4.961924,-0.008959,1.254091,-3.949446,low_value
TMO_return_pct,2024-04-10,-2.628986,-0.008959,1.254091,-2.089184,low_value
TMO_return_pct,2024-04-23,4.779530,-0.008959,1.254091,3.818295,high_value
TMO_return_pct,2024-05-10,2.612769,-0.008959,1.254091,2.090541,high_value
TMO_return_pct,2024-07-18,-2.601509,-0.008959,1.254091,-2.067275,low_value
TMO_return_pct,2024-07-24,4.072507,-0.008959,1.254091,3.254522,high_value
TMO_return_pct,2024-07-25,3.439873,-0.008959,1.254091,2.750065,high_value
TMO_return_pct,2024-08-05,-2.868323,-0.008959,1.254091,-2.280029,low_value
TMO_return_pct,2024-09-26,3.259524,-0.008959,1.254091,2.606257,high_value
TMO_return_pct,2024-10-24,-3.314886,-0.008959,1.254091,-2.636114,low_value
TMO_return_pct,2024-11-15,-3.740958,-0.008959,1.254091,-2.975860,low_value
TMO_volume,2024-01-09,2890000.000000,1543928.571429,665084.483875,2.023910,high_value
TMO_volume,2024-01-26,3172300.000000,1543928.571429,665084.483875,2.448368,high_value
TMO_volume,2024-01-31,3589400.000000,1543928.571429,665084.483875,3.075506,high_value
TMO_volume,2024-06-20,3071500.000000,1543928.571429,665084.483875,2.296808,high_value
TMO_volume,2024-06-21,3153300.000000,1543928.571429,665084.483875,2.419800,high_value
TMO_volume,2024-06-28,6150900.000000,1543928.571429,665084.483875,6.926897,high_value
TMO_volume,2024-07-25,3625200.000000,1543928.571429,665084.483875,3.129334,high_value
TMO_volume,2024-11-15,3953000.000000,1543928.571429,665084.483875,3.622204,high_value
TMO_volume,2024-11-18,3162200.000000,1543928.571429,665084.483875,2.433182,high_value
TMO_volume,2024-11-19,3658700.000000,1543928.571429,665084.483875,3.179703,high_value
TMO_volume,2024-11-25,3063500.000000,1543928.571429,665084.483875,2.284780,high_value
TMO_volume,2024-11-27,2914100.000000,1543928.571429,665084.483875,2.060146,high_value
UTHR_return_pct,2024-02-23,4.333636,0.190744,1.762776,2.350209,high_value
UTHR_return_pct,2024-03-28,-5.569944,0.190744,1.762776,-3.267964,low_value
UTHR_return_pct,2024-05-01,8.880637,0.190744,1.762776,4.929663,high_value
UTHR_return_pct,2024-07-31,-7.184334,0.190744,1.762776,-4.183786,low_value
UTHR_return_pct,2024-08-01,4.628300,0.190744,1.762776,2.517367,high_value
UTHR_return_pct,2024-08-19,8.595282,0.190744,1.762776,4.767785,high_value
UTHR_return_pct,2024-10-23,-4.775029,0.190744,1.762776,-2.817019,low_value
UTHR_return_pct,2024-11-06,3.845652,0.190744,1.762776,2.073382,high_value
UTHR_return_pct,2024-11-14,-3.541022,0.190744,1.762776,-2.116983,low_value
UTHR_return_pct,2024-11-15,-5.959559,0.190744,1.762776,-3.488987,low_value
UTHR_return_pct,2024-12-18,-5.831077,0.190744,1.762776,-3.416101,low_value
UTHR_volume,2024-03-15,898700.000000,443069.047619,212272.060930,2.146448,high_value
UTHR_volume,2024-03-28,1114700.000000,443069.047619,212272.060930,3.164010,high_value
UTHR_volume,2024-05-01,1410600.000000,443069.047619,212272.060930,4.557976,high_value
UTHR_volume,2024-05-31,1143100.000000,443069.047619,212272.060930,3.297801,high_value
UTHR_volume,2024-06-10,1045100.000000,443069.047619,212272.060930,2.836129,high_value
UTHR_volume,2024-06-21,1800900.000000,443069.047619,212272.060930,6.396654,high_value
UTHR_volume,2024-07-31,939000.000000,443069.047619,212272.060930,2.336299,high_value
UTHR_volume,2024-08-16,878900.000000,443069.047619,212272.060930,2.053172,high_value
UTHR_volume,2024-08-19,1018600.000000,443069.047619,212272.060930,2.711289,high_value
UTHR_volume,2024-09-20,900800.000000,443069.047619,212272.060930,2.156341,high_value
UTHR_volume,2024-12-20,1009200.000000,443069.047619,212272.060930,2.667006,high_value
VRTX_return_pct,2024-06-03,3.259102,0.004101,1.543193,2.109264,high_value
VRTX_return_pct,2024-08-05,-3.549324,0.004101,1.543193,-2.302645,low_value
VRTX_return_pct,2024-09-03,-4.071468,0.004101,1.543193,-2.640998,low_value
VRTX_return_pct,2024-10-18,-3.154013,0.004101,1.543193,-2.046481,low_value
VRTX_return_pct,2024-11-05,5.727584,0.004101,1.543193,3.708859,high_value
VRTX_return_pct,2024-11-15,-3.773035,0.004101,1.543193,-2.447612,low_value
VRTX_return_pct,2024-11-19,-4.068435,0.004101,1.543193,-2.639033,low_value
VRTX_return_pct,2024-12-18,-4.633022,0.004101,1.543193,-3.004889,low_value
VRTX_return_pct,2024-12-19,-11.365360,0.004101,1.543193,-7.367493,low_value
VRTX_volume,2024-01-30,3329900.000000,1243876.587302,731822.983171,2.850448,high_value
VRTX_volume,2024-01-31,2755200.000000,1243876.587302,731822.983171,2.065149,high_value
VRTX_volume,2024-02-06,4504000.000000,1243876.587302,731822.983171,4.454798,high_value
VRTX_volume,2024-06-21,2802000.000000,1243876.587302,731822.983171,2.129099,high_value
VRTX_volume,2024-06-28,3234600.000000,1243876.587302,731822.983171,2.720225,high_value
VRTX_volume,2024-12-19,8207400.000000,1243876.587302,731822.983171,9.515311,high_value
VRTX_volume,2024-12-20,6203100.000000,1243876.587302,731822.983171,6.776534,high_value
ZBH_return_pct,2024-02-08,-3.535866,-0.042896,1.342575,-2.601694,low_value
ZBH_return_pct,2024-02-21,2.696454,-0.042896,1.342575,2.040370,high_value
ZBH_return_pct,2024-03-27,3.901896,-0.042896,1.342575,2.938228,high_value
ZBH_return_pct,2024-05-03,2.701335,-0.042896,1.342575,2.044006,high_value
ZBH_return_pct,2024-05-23,-2.916277,-0.042896,1.342575,-2.140201,low_value
ZBH_return_pct,2024-06-11,-3.233517,-0.042896,1.342575,-2.376494,low_value
ZBH_return_pct,2024-07-17,3.340769,-0.042896,1.342575,2.520280,high_value
ZBH_return_pct,2024-08-05,-3.008339,-0.042896,1.342575,-2.208772,low_value
ZBH_return_pct,2024-08-07,-3.431585,-0.042896,1.342575,-2.524022,low_value
ZBH_return_pct,2024-08-08,2.731309,-0.042896,1.342575,2.066331,high_value
ZBH_return_pct,2024-09-05,-8.743866,-0.042896,1.342575,-6.480807,low_value
ZBH_return_pct,2024-10-30,5.708508,-0.042896,1.342575,4.283860,high_value
ZBH_return_pct,2024-11-15,3.389992,-0.042896,1.342575,2.556943,high_value
ZBH_volume,2024-01-09,2921800.000000,1495006.349206,647528.894954,2.203444,high_value
ZBH_volume,2024-02-08,4306800.000000,1495006.349206,647528.894954,4.342345,high_value
ZBH_volume,2024-02-09,3355600.000000,1495006.349206,647528.894954,2.873375,high_value
ZBH_volume,2024-05-02,2931700.000000,1495006.349206,647528.894954,2.218733,high_value
ZBH_volume,2024-05-31,3003100.000000,1495006.349206,647528.894954,2.328998,high_value
ZBH_volume,2024-06-11,3036000.000000,1495006.349206,647528.894954,2.379807,high_value
ZBH_volume,2024-06-12,2996500.000000,1495006.349206,647528.894954,2.318806,high_value
ZBH_volume,2024-06-21,3318000.000000,1495006.349206,647528.894954,2.815309,high_value
ZBH_volume,2024-08-07,3051000.000000,1495006.349206,647528.894954,2.402972,high_value
ZBH_volume,2024-09-05,4928800.000000,1495006.349206,647528.894954,5.302920,high_value
ZBH_volume,2024-09-20,3920000.000000,1495006.349206,647528.894954,3.744997,high_value
ZBH_volume,2024-10-30,3246500.000000,1495006.349206,647528.894954,2.704889,high_value
ZBH_volume,2024-12-20,3969100.000000,1495006.349206,647528.894954,3.820824,high_value
