analysis_type,dataset,group_name,metric_name,observations,mean,min,max,sum,latest_period,latest_value,note
descriptive,chinacdc_monthly_clean,新型冠状病毒感染,cases,16,102994.9375,13959,440662,1647919,2026-04,23477,重点呼吸道病种月度发病数。
descriptive,chinacdc_monthly_clean,麻疹,cases,28,141.2143,31,344,3954,2026-04,81,重点呼吸道病种月度发病数。
descriptive,chinacdc_monthly_clean,肺结核,cases,20,54026.35,44105,63201,1080527,2026-04,61668,重点呼吸道病种月度发病数。
descriptive,chinacdc_monthly_clean,百日咳,cases,28,19036.8929,636,97669,533033,2026-04,760,重点呼吸道病种月度发病数。
descriptive,chinacdc_monthly_clean,猩红热,cases,28,4541.9286,1197,12397,127174,2026-04,1701,重点呼吸道病种月度发病数。
descriptive,chinacdc_monthly_clean,流行性感冒,cases,28,1021512.7857,78790,6727614,28602358,2026-04,596122,重点呼吸道病种月度发病数。
descriptive,chinacdc_monthly_clean,流行性腮腺炎,cases,28,7088.8214,3142,10197,198487,2026-04,7534,重点呼吸道病种月度发病数。
descriptive,respiratory_weekly_clean,门急诊流感样病例-新型冠状病毒阳性率,positive_rate,48,4.3875,0.3,15.4,210.6,2026-W20,1.7,急性呼吸道哨点监测病原体阳性率。
descriptive,respiratory_weekly_clean,住院严重急性呼吸道感染病例-新型冠状病毒阳性率,positive_rate,48,2.2042,0.3,6.9,105.8,2026-W20,0.7,急性呼吸道哨点监测病原体阳性率。
descriptive,respiratory_weekly_clean,门急诊流感样病例-流感病毒阳性率,positive_rate,48,14.9917,1.5,54.2,719.6,2026-W20,11.9,急性呼吸道哨点监测病原体阳性率。
descriptive,respiratory_weekly_clean,住院严重急性呼吸道感染病例-流感病毒阳性率,positive_rate,48,5.5375,0.5,22.5,265.8,2026-W20,4,急性呼吸道哨点监测病原体阳性率。
descriptive,respiratory_weekly_clean,门急诊流感样病例-呼吸道合胞病毒阳性率,positive_rate,48,5.1312,1.2,9.8,246.3,2026-W20,1.2,急性呼吸道哨点监测病原体阳性率。
descriptive,respiratory_weekly_clean,住院严重急性呼吸道感染病例-呼吸道合胞病毒阳性率,positive_rate,48,8.0771,1.9,13.3,387.7,2026-W20,1.9,急性呼吸道哨点监测病原体阳性率。
descriptive,respiratory_weekly_clean,门急诊流感样病例-腺病毒阳性率,positive_rate,48,1.6396,1,3.1,78.7,2026-W20,2.2,急性呼吸道哨点监测病原体阳性率。
descriptive,respiratory_weekly_clean,住院严重急性呼吸道感染病例-腺病毒阳性率,positive_rate,48,1.2229,0.7,2.1,58.7,2026-W20,1.7,急性呼吸道哨点监测病原体阳性率。
descriptive,respiratory_weekly_clean,门急诊流感样病例-人偏肺病毒阳性率,positive_rate,48,0.8,0,4.9,38.4,2026-W20,3.1,急性呼吸道哨点监测病原体阳性率。
descriptive,respiratory_weekly_clean,住院严重急性呼吸道感染病例-人偏肺病毒阳性率,positive_rate,48,0.7646,0.1,4.5,36.7,2026-W20,4.3,急性呼吸道哨点监测病原体阳性率。
descriptive,respiratory_weekly_clean,门急诊流感样病例-副流感病毒阳性率,positive_rate,48,4.0354,0.8,7.9,193.7,2026-W20,6.4,急性呼吸道哨点监测病原体阳性率。
descriptive,respiratory_weekly_clean,住院严重急性呼吸道感染病例-副流感病毒阳性率,positive_rate,48,3.5292,1.3,6.4,169.4,2026-W20,4.6,急性呼吸道哨点监测病原体阳性率。
descriptive,respiratory_weekly_clean,门急诊流感样病例-普通冠状病毒阳性率,positive_rate,48,3.5688,0.8,11.4,171.3,2026-W20,2.3,急性呼吸道哨点监测病原体阳性率。
descriptive,respiratory_weekly_clean,住院严重急性呼吸道感染病例-普通冠状病毒阳性率,positive_rate,48,2.3667,0.8,7.4,113.6,2026-W20,1.6,急性呼吸道哨点监测病原体阳性率。
descriptive,respiratory_weekly_clean,门急诊流感样病例-博卡病毒阳性率,positive_rate,48,0.9458,0.2,2.1,45.4,2026-W20,0.6,急性呼吸道哨点监测病原体阳性率。
descriptive,respiratory_weekly_clean,住院严重急性呼吸道感染病例-博卡病毒阳性率,positive_rate,48,1.4792,0.3,3.8,71,2026-W20,0.8,急性呼吸道哨点监测病原体阳性率。
descriptive,respiratory_weekly_clean,门急诊流感样病例-鼻病毒阳性率,positive_rate,48,7.4729,3.8,14.7,358.7,2026-W20,9.9,急性呼吸道哨点监测病原体阳性率。
descriptive,respiratory_weekly_clean,住院严重急性呼吸道感染病例-鼻病毒阳性率,positive_rate,48,6.5375,2.5,10.9,313.8,2026-W20,8.2,急性呼吸道哨点监测病原体阳性率。
descriptive,respiratory_weekly_clean,门急诊流感样病例-肠道病毒阳性率,positive_rate,48,3.4771,0.7,9.7,166.9,2026-W20,2.8,急性呼吸道哨点监测病原体阳性率。
descriptive,respiratory_weekly_clean,住院严重急性呼吸道感染病例-肠道病毒阳性率,positive_rate,48,1.7479,0.4,4.8,83.9,2026-W20,1.7,急性呼吸道哨点监测病原体阳性率。
descriptive,respiratory_weekly_clean,门急诊流感样病例-肺炎支原体阳性率,positive_rate,48,0.2958,0,0.6,14.2,2026-W20,0.2,急性呼吸道哨点监测病原体阳性率。
descriptive,respiratory_weekly_clean,住院严重急性呼吸道感染病例-肺炎支原体阳性率,positive_rate,48,1.0125,0.3,2,48.6,2026-W20,0.9,急性呼吸道哨点监测病原体阳性率。
descriptive,influenza_weekly_clean,南方省份 ILI%,indicator_value,111,4.6351,2.8,11.1,514.5,2026-W20,4.2,流感监测周报核心数值指标。
descriptive,influenza_weekly_clean,北方省份 ILI%,indicator_value,124,3.9532,2.5,9.1,490.2,2026-W20,3.4,流感监测周报核心数值指标。
descriptive,influenza_weekly_clean,流感样病例暴发疫情数,indicator_value,88,97.7159,1,1541,8599,2026-W20,18,流感监测周报核心数值指标。
descriptive,province_weekly_features,上海,avg_temperature,438,17.4506,0.0543,33.0114,7643.3688,99,9.9829,省会城市周度气象指标。
descriptive,province_weekly_features,上海,avg_humidity,438,78.8588,58.9129,90.0143,34540.1406,99,80.06,省会城市周度气象指标。
descriptive,province_weekly_features,上海,precipitation_total,438,28.5533,0,271.44,12506.35,99,57.12,省会城市周度气象指标。
descriptive,province_weekly_features,上海,wind_speed,438,3.7288,1.7329,7.8686,1633.2008,99,5.0957,省会城市周度气象指标。
descriptive,province_weekly_features,云南,avg_temperature,438,15.5711,4.6071,23.3043,6820.1218,99,11.9171,省会城市周度气象指标。
descriptive,province_weekly_features,云南,avg_humidity,438,72.6446,46.0343,86.5343,31818.3561,99,77.2714,省会城市周度气象指标。
descriptive,province_weekly_features,云南,precipitation_total,438,17.2357,0,135.54,7549.23,99,0.01,省会城市周度气象指标。
descriptive,province_weekly_features,云南,wind_speed,438,2.61,1.2586,4.5229,1143.1929,99,2.5571,省会城市周度气象指标。
descriptive,province_weekly_features,内蒙古,avg_temperature,438,4.7114,-21.4486,24.4514,2063.6115,99,-9.3657,省会城市周度气象指标。
descriptive,province_weekly_features,内蒙古,avg_humidity,438,59.0762,28.8657,87.0057,25875.3698,99,62.16,省会城市周度气象指标。
descriptive,province_weekly_features,内蒙古,precipitation_total,438,9.1543,0,195.62,4009.59,99,2.57,省会城市周度气象指标。
descriptive,province_weekly_features,内蒙古,wind_speed,438,2.9123,1.4871,5.6871,1275.5948,99,2.6514,省会城市周度气象指标。
descriptive,province_weekly_features,北京,avg_temperature,438,11.7866,-12.3157,30.4443,5162.5152,99,-2.3414,省会城市周度气象指标。
descriptive,province_weekly_features,北京,avg_humidity,438,56.443,24.7186,88.2729,24722.0261,99,53.9071,省会城市周度气象指标。
descriptive,province_weekly_features,北京,precipitation_total,438,13.2963,0,151.3,5823.79,99,4.07,省会城市周度气象指标。
descriptive,province_weekly_features,北京,wind_speed,438,2.2125,1.1629,4.4129,969.0606,99,1.8543,省会城市周度气象指标。
descriptive,province_weekly_features,吉林,avg_temperature,438,5.4904,-24.81,27.6871,2404.788,99,-10.7243,省会城市周度气象指标。
descriptive,province_weekly_features,吉林,avg_humidity,438,74.3441,39.4686,98.0671,32562.699,99,75.2643,省会城市周度气象指标。
descriptive,province_weekly_features,吉林,precipitation_total,438,14.4308,0,129.09,6320.68,99,2.99,省会城市周度气象指标。
descriptive,province_weekly_features,吉林,wind_speed,438,3.1919,1.2514,6.2814,1398.0709,99,2.9486,省会城市周度气象指标。
descriptive,province_weekly_features,四川,avg_temperature,438,17.8644,2.65,32.9543,7824.6215,99,7.5971,省会城市周度气象指标。
descriptive,province_weekly_features,四川,avg_humidity,438,73.5349,48.61,88.6871,32208.2854,99,79.9043,省会城市周度气象指标。
descriptive,province_weekly_features,四川,precipitation_total,438,20.8641,0,200.78,9138.47,99,10.11,省会城市周度气象指标。
descriptive,province_weekly_features,四川,wind_speed,438,1.8073,0.9114,3.4243,791.6156,99,1.7286,省会城市周度气象指标。
descriptive,province_weekly_features,天津,avg_temperature,438,12.2327,-11.9229,31.6729,5357.9428,99,-1.39,省会城市周度气象指标。
descriptive,province_weekly_features,天津,avg_humidity,438,62.4505,31.1929,86.01,27353.3074,99,51.9029,省会城市周度气象指标。
descriptive,province_weekly_features,天津,precipitation_total,438,14.6489,0,195.32,6416.2,99,2.27,省会城市周度气象指标。
descriptive,province_weekly_features,天津,wind_speed,438,2.3434,1.2457,4.5286,1026.4055,99,1.9586,省会城市周度气象指标。
descriptive,province_weekly_features,宁夏,avg_temperature,438,9.8368,-14.7371,29.2857,4308.5383,99,-2.8329,省会城市周度气象指标。
descriptive,province_weekly_features,宁夏,avg_humidity,438,48.0118,15.1271,78.5371,21029.1837,99,58.9229,省会城市周度气象指标。
descriptive,province_weekly_features,宁夏,precipitation_total,438,4.8989,0,64.15,2145.71,99,0.26,省会城市周度气象指标。
descriptive,province_weekly_features,宁夏,wind_speed,438,2.4572,1.0086,4.8043,1076.2333,99,2.6514,省会城市周度气象指标。
descriptive,province_weekly_features,安徽,avg_temperature,438,16.6522,-3.2814,34.0571,7293.6838,99,5.0086,省会城市周度气象指标。
descriptive,province_weekly_features,安徽,avg_humidity,438,74.6904,44.6271,91.0186,32714.3808,99,76.2529,省会城市周度气象指标。
descriptive,province_weekly_features,安徽,precipitation_total,438,22.606,0,340.54,9901.43,99,59.43,省会城市周度气象指标。
descriptive,province_weekly_features,安徽,wind_speed,438,2.5407,1.2157,4.1514,1112.8482,99,3.07,省会城市周度气象指标。
descriptive,province_weekly_features,山东,avg_temperature,438,13.3878,-10.1314,31.5257,5863.875,99,0.6271,省会城市周度气象指标。
descriptive,province_weekly_features,山东,avg_humidity,438,67.4147,35.2129,90.9771,29527.6545,99,62.2557,省会城市周度气象指标。
descriptive,province_weekly_features,山东,precipitation_total,438,18.3454,0,246.34,8035.28,99,2.8,省会城市周度气象指标。
descriptive,province_weekly_features,山东,wind_speed,438,2.4586,1.0214,4.5743,1076.8847,99,1.8514,省会城市周度气象指标。
descriptive,province_weekly_features,山西,avg_temperature,438,8.9973,-16.1214,26.6329,3940.8121,99,-3.3471,省会城市周度气象指标。
descriptive,province_weekly_features,山西,avg_humidity,438,59.0912,25.4929,87.9829,25881.9599,99,62.0143,省会城市周度气象指标。
descriptive,province_weekly_features,山西,precipitation_total,438,10.8276,0,161.29,4742.47,99,1.44,省会城市周度气象指标。
descriptive,province_weekly_features,山西,wind_speed,438,2.3219,1.1271,5.1386,1016.9786,99,2.1543,省会城市周度气象指标。
descriptive,province_weekly_features,广东,avg_temperature,438,23.1956,6.9614,30.84,10159.6687,99,18.1971,省会城市周度气象指标。
descriptive,province_weekly_features,广东,avg_humidity,438,76.584,41.8171,92.62,33543.7988,99,61.76,省会城市周度气象指标。
descriptive,province_weekly_features,广东,precipitation_total,438,35.6993,0,279.43,15636.31,99,0,省会城市周度气象指标。
descriptive,province_weekly_features,广东,wind_speed,438,2.3276,1,4.8143,1019.5022,99,3.3357,省会城市周度气象指标。
descriptive,province_weekly_features,广西,avg_temperature,438,22.0754,6.4057,31.3357,9669.0418,99,15.2943,省会城市周度气象指标。
descriptive,province_weekly_features,广西,avg_humidity,438,78.3247,45.4086,92.692,34306.237,99,70.7771,省会城市周度气象指标。
descriptive,province_weekly_features,广西,precipitation_total,438,29.5103,0,251.89,12925.49,99,3.04,省会城市周度气象指标。
descriptive,province_weekly_features,广西,wind_speed,438,2.5187,1.0443,5.5129,1103.1929,99,3.1871,省会城市周度气象指标。
descriptive,province_weekly_features,新疆,avg_temperature,438,10.608,-17.53,30.8314,4646.3219,99,-8.2157,省会城市周度气象指标。
descriptive,province_weekly_features,新疆,avg_humidity,438,46.8742,19.7086,85.1029,20530.903,99,78.8671,省会城市周度气象指标。
descriptive,province_weekly_features,新疆,precipitation_total,438,5.473,0,60.26,2397.18,99,0.58,省会城市周度气象指标。
descriptive,province_weekly_features,新疆,wind_speed,438,2.0351,0.9871,3.8471,891.3675,99,1.0543,省会城市周度气象指标。
descriptive,province_weekly_features,江苏,avg_temperature,438,16.5965,-3.2614,34.7014,7269.26,99,5.6543,省会城市周度气象指标。
descriptive,province_weekly_features,江苏,avg_humidity,438,76.0237,46.48,92.4214,33298.3667,99,79.1371,省会城市周度气象指标。
descriptive,province_weekly_features,江苏,precipitation_total,438,24.5426,0,259.15,10749.68,99,58.44,省会城市周度气象指标。
descriptive,province_weekly_features,江苏,wind_speed,438,2.6244,1.3914,4.8857,1149.4834,99,3.0586,省会城市周度气象指标。
descriptive,province_weekly_features,江西,avg_temperature,438,18.6445,-0.3457,31.5214,8166.2814,99,8.2029,省会城市周度气象指标。
descriptive,province_weekly_features,江西,avg_humidity,438,78.1005,49.1986,92.4314,34208.0377,99,76.4129,省会城市周度气象指标。
descriptive,province_weekly_features,江西,precipitation_total,438,35.0136,0,311.48,15335.97,99,27.52,省会城市周度气象指标。
descriptive,province_weekly_features,江西,wind_speed,438,2.3073,0.9786,5.4586,1010.5965,99,3.67,省会城市周度气象指标。
descriptive,province_weekly_features,河北,avg_temperature,438,14.0872,-10.9014,32.4029,6170.1845,99,-0.17,省会城市周度气象指标。
descriptive,province_weekly_features,河北,avg_humidity,438,56.3547,18.8543,86,24683.3741,99,53.9157,省会城市周度气象指标。
descriptive,province_weekly_features,河北,precipitation_total,438,13.1224,0,210.69,5747.62,99,0.86,省会城市周度气象指标。
descriptive,province_weekly_features,河北,wind_speed,438,1.8852,1.0757,3.59,825.7194,99,1.3171,省会城市周度气象指标。
descriptive,province_weekly_features,河南,avg_temperature,438,15.4235,-6.6757,33.3714,6755.5147,99,2.8729,省会城市周度气象指标。
descriptive,province_weekly_features,河南,avg_humidity,438,65.0082,27.9057,89.74,28473.5778,99,60.25,省会城市周度气象指标。
descriptive,province_weekly_features,河南,precipitation_total,438,16.9246,0,560.87,7412.98,99,0.69,省会城市周度气象指标。
descriptive,province_weekly_features,河南,wind_speed,438,2.3622,1.0686,4.5614,1034.625,99,1.8686,省会城市周度气象指标。
descriptive,province_weekly_features,浙江,avg_temperature,438,17.0786,-2.6514,33.2586,7480.4419,99,7.6871,省会城市周度气象指标。
descriptive,province_weekly_features,浙江,avg_humidity,438,79.3382,55.64,91.9429,34750.1334,99,83.0671,省会城市周度气象指标。
descriptive,province_weekly_features,浙江,precipitation_total,438,30.9745,0,254.89,13566.85,99,45.15,省会城市周度气象指标。
descriptive,province_weekly_features,浙江,wind_speed,438,2.1089,0.9543,4.2114,923.7168,99,2.7614,省会城市周度气象指标。
descriptive,province_weekly_features,海南,avg_temperature,438,25.0899,13.0243,30.8,10989.3843,99,22.8029,省会城市周度气象指标。
descriptive,province_weekly_features,海南,avg_humidity,438,82.0187,60.2486,91.4,35924.1785,99,79.98,省会城市周度气象指标。
descriptive,province_weekly_features,海南,precipitation_total,438,38.8843,0,482.09,17031.33,99,7.62,省会城市周度气象指标。
descriptive,province_weekly_features,海南,wind_speed,438,3.4971,1.6414,7.5786,1531.742,99,5.0129,省会城市周度气象指标。
descriptive,province_weekly_features,湖北,avg_temperature,438,18.1868,-0.6271,32.7643,7965.8349,99,6.18,省会城市周度气象指标。
descriptive,province_weekly_features,湖北,avg_humidity,438,74.6028,45.17,91.6786,32676.0186,99,78.5086,省会城市周度气象指标。
descriptive,province_weekly_features,湖北,precipitation_total,438,27.7839,0,225.62,12169.36,99,56.03,省会城市周度气象指标。
descriptive,province_weekly_features,湖北,wind_speed,438,2.5738,1.2086,4.7643,1127.3409,99,3.0214,省会城市周度气象指标。
descriptive,province_weekly_features,湖南,avg_temperature,438,18.4355,0.0286,30.5214,8074.7603,99,7.0314,省会城市周度气象指标。
descriptive,province_weekly_features,湖南,avg_humidity,438,79.2593,51.61,92.3586,34715.5693,99,84.3543,省会城市周度气象指标。
descriptive,province_weekly_features,湖南,precipitation_total,438,32.9645,0,237.35,14438.47,99,42.99,省会城市周度气象指标。
descriptive,province_weekly_features,湖南,wind_speed,438,2.1533,0.93,4.3843,943.1487,99,2.88,省会城市周度气象指标。
descriptive,province_weekly_features,甘肃,avg_temperature,438,7.8697,-12.5229,24.3557,3446.9264,99,-3.2843,省会城市周度气象指标。
descriptive,province_weekly_features,甘肃,avg_humidity,438,60.5202,32.9071,81.2229,26507.8626,99,74.5343,省会城市周度气象指标。
descriptive,province_weekly_features,甘肃,precipitation_total,438,9.7312,0,56.73,4262.27,99,3.27,省会城市周度气象指标。
descriptive,province_weekly_features,甘肃,wind_speed,438,2.0032,1.0714,3.3371,877.4058,99,1.6186,省会城市周度气象指标。
descriptive,province_weekly_features,福建,avg_temperature,438,19.5617,5.4386,29.22,8568.0424,99,14.4943,省会城市周度气象指标。
descriptive,province_weekly_features,福建,avg_humidity,438,82.9789,65.8,92.1971,36344.7671,99,83.2857,省会城市周度气象指标。
descriptive,province_weekly_features,福建,precipitation_total,438,29.3232,0,316.08,12843.56,99,4.41,省会城市周度气象指标。
descriptive,province_weekly_features,福建,wind_speed,438,2.5589,1.1867,5.1543,1120.7841,99,3.7229,省会城市周度气象指标。
descriptive,province_weekly_features,西藏,avg_temperature,438,4.7126,-8.4514,16.4586,2064.1202,99,-1.0386,省会城市周度气象指标。
descriptive,province_weekly_features,西藏,avg_humidity,438,46.7612,15.2714,77.5214,20481.4006,99,43.8257,省会城市周度气象指标。
descriptive,province_weekly_features,西藏,precipitation_total,438,9.282,0,84.88,4065.53,99,0.21,省会城市周度气象指标。
descriptive,province_weekly_features,西藏,wind_speed,438,1.877,0.9357,4.15,822.1257,99,2.4143,省会城市周度气象指标。
descriptive,province_weekly_features,贵州,avg_temperature,438,14.9183,-2.55,24.3729,6534.2288,99,5.4071,省会城市周度气象指标。
descriptive,province_weekly_features,贵州,avg_humidity,438,83.6929,66.7243,91.9843,36657.4824,99,89.7343,省会城市周度气象指标。
descriptive,province_weekly_features,贵州,precipitation_total,438,26.3215,0,240.78,11528.82,99,22.54,省会城市周度气象指标。
descriptive,province_weekly_features,贵州,wind_speed,438,2.7844,1.3083,5.3071,1219.5586,99,2.8686,省会城市周度气象指标。
descriptive,province_weekly_features,辽宁,avg_temperature,438,7.8962,-19.8014,32.0843,3458.5506,99,-6.7757,省会城市周度气象指标。
descriptive,province_weekly_features,辽宁,avg_humidity,438,70.5587,38.5486,94.6143,30904.7215,99,64.6829,省会城市周度气象指标。
descriptive,province_weekly_features,辽宁,precipitation_total,438,15.8933,0,251.49,6961.25,99,1.92,省会城市周度气象指标。
descriptive,province_weekly_features,辽宁,wind_speed,438,2.9992,1.25,5.6171,1313.6648,99,2.4543,省会城市周度气象指标。
descriptive,province_weekly_features,重庆,avg_temperature,438,18.4521,3.4757,33.41,8082.0005,99,8.5186,省会城市周度气象指标。
descriptive,province_weekly_features,重庆,avg_humidity,438,78.2354,57.4071,89.5943,34267.1206,99,83.3314,省会城市周度气象指标。
descriptive,province_weekly_features,重庆,precipitation_total,438,25.1363,0,160.31,11009.7,99,16.12,省会城市周度气象指标。
descriptive,province_weekly_features,重庆,wind_speed,438,1.5862,0.7771,2.9971,694.7511,99,1.6343,省会城市周度气象指标。
descriptive,province_weekly_features,陕西,avg_temperature,438,14.5867,-4.3129,33.4514,6388.9844,99,1.6614,省会城市周度气象指标。
descriptive,province_weekly_features,陕西,avg_humidity,438,63.7275,34.3557,88.7314,27912.6344,99,75.6614,省会城市周度气象指标。
descriptive,province_weekly_features,陕西,precipitation_total,438,16.6698,0,134.43,7301.39,99,7.18,省会城市周度气象指标。
descriptive,province_weekly_features,陕西,wind_speed,438,1.5281,0.69,2.7286,669.3057,99,1.5571,省会城市周度气象指标。
descriptive,province_weekly_features,青海,avg_temperature,438,5.2101,-11.9429,20.6471,2282.0245,99,-3.9814,省会城市周度气象指标。
descriptive,province_weekly_features,青海,avg_humidity,438,58.822,31.5043,85.3029,25764.0546,99,71.7729,省会城市周度气象指标。
descriptive,province_weekly_features,青海,precipitation_total,438,11.1542,0,82.06,4885.55,99,2.05,省会城市周度气象指标。
descriptive,province_weekly_features,青海,wind_speed,438,1.7204,0.9057,3.1814,753.5217,99,1.5029,省会城市周度气象指标。
descriptive,province_weekly_features,黑龙江,avg_temperature,438,4.0823,-27.0414,26.5614,1788.0258,99,-12.1857,省会城市周度气象指标。
descriptive,province_weekly_features,黑龙江,avg_humidity,438,75.5793,44.9486,97.2957,33103.7275,99,79.1786,省会城市周度气象指标。
descriptive,province_weekly_features,黑龙江,precipitation_total,438,12.8923,0,106.6,5646.81,99,2.83,省会城市周度气象指标。
descriptive,province_weekly_features,黑龙江,wind_speed,438,3.0013,1.2657,5.88,1314.5748,99,3.1257,省会城市周度气象指标。
